-- F5 눌러서 실행해주세요~

--------------------------------------------------------
--  파일이 생성됨 - 수요일-8월-04-2021   
--------------------------------------------------------
DROP SEQUENCE "SEQ_C_NO";
DROP SEQUENCE "SEQ_E_NO";
DROP SEQUENCE "SEQ_HM_NO";
DROP SEQUENCE "SEQ_HOBBY_NO";
DROP SEQUENCE "SEQ_MATERIAL_NO";
DROP SEQUENCE "SEQ_M_NO";
DROP SEQUENCE "SEQ_QNA_NO";
DROP SEQUENCE "SEQ_STEP_NO";
DROP SEQUENCE "SEQ_STORY_C_NO";
DROP SEQUENCE "SEQ_STORY_NO";
DROP TABLE "TBL_BOOKMARK" cascade constraints;
DROP TABLE "TBL_COMMENT" cascade constraints;
DROP TABLE "TBL_COMPLETE_IMG" cascade constraints;
DROP TABLE "TBL_COST_CATE" cascade constraints;
DROP TABLE "TBL_EVENT" cascade constraints;
DROP TABLE "TBL_FOLLOW" cascade constraints;
DROP TABLE "TBL_HOBBY" cascade constraints;
DROP TABLE "TBL_HOBBY_CATE" cascade constraints;
DROP TABLE "TBL_HOBBY_LIKE" cascade constraints;
DROP TABLE "TBL_HOBBY_MATERIAL" cascade constraints;
DROP TABLE "TBL_LEVEL_CATE" cascade constraints;
DROP TABLE "TBL_LOGIN_TIME" cascade constraints;
DROP TABLE "TBL_MAIN_EVENT" cascade constraints;
DROP TABLE "TBL_MAKE_STEP" cascade constraints;
DROP TABLE "TBL_MANAGER_MEMBER" cascade constraints;
DROP TABLE "TBL_MATERIAL" cascade constraints;
DROP TABLE "TBL_MEMBERDETAIL" cascade constraints;
DROP TABLE "TBL_MEMBERGRADE" cascade constraints;
DROP TABLE "TBL_MEMBERINFO" cascade constraints;
DROP TABLE "TBL_MEMBERSETUP" cascade constraints;
DROP TABLE "TBL_MEMBER_ACTIV" cascade constraints;
DROP TABLE "TBL_QNA" cascade constraints;
DROP TABLE "TBL_QNASORT" cascade constraints;
DROP TABLE "TBL_STORY" cascade constraints;
DROP TABLE "TBL_STORY_COMMENT" cascade constraints;
DROP TABLE "TBL_STORY_LIKE" cascade constraints;
DROP TABLE "TBL_TIME_CATE" cascade constraints;
DROP TABLE "TBL_WORKROOM" cascade constraints;
--------------------------------------------------------
--  DDL for Sequence SEQ_C_NO
--------------------------------------------------------

   CREATE SEQUENCE  "SEQ_C_NO"  MINVALUE 1 MAXVALUE 9999999999999999999999999999 INCREMENT BY 1 START WITH 1 CACHE 20 NOORDER  NOCYCLE ;
--------------------------------------------------------
--  DDL for Sequence SEQ_E_NO
--------------------------------------------------------

   CREATE SEQUENCE  "SEQ_E_NO"  MINVALUE 1 MAXVALUE 9999999999999999999999999999 INCREMENT BY 1 START WITH 41 CACHE 20 NOORDER  NOCYCLE ;
--------------------------------------------------------
--  DDL for Sequence SEQ_HM_NO
--------------------------------------------------------

   CREATE SEQUENCE  "SEQ_HM_NO"  MINVALUE 1 MAXVALUE 9999999999999999999999999999 INCREMENT BY 1 START WITH 1 CACHE 20 NOORDER  NOCYCLE ;
--------------------------------------------------------
--  DDL for Sequence SEQ_HOBBY_NO
--------------------------------------------------------

   CREATE SEQUENCE  "SEQ_HOBBY_NO"  MINVALUE 1 MAXVALUE 9999999999999999999999999999 INCREMENT BY 1 START WITH 21 CACHE 20 NOORDER  NOCYCLE ;
--------------------------------------------------------
--  DDL for Sequence SEQ_MATERIAL_NO
--------------------------------------------------------

   CREATE SEQUENCE  "SEQ_MATERIAL_NO"  MINVALUE 1 MAXVALUE 9999999999999999999999999999 INCREMENT BY 1 START WITH 1 CACHE 20 NOORDER  NOCYCLE ;
--------------------------------------------------------
--  DDL for Sequence SEQ_M_NO
--------------------------------------------------------

   CREATE SEQUENCE  "SEQ_M_NO"  MINVALUE 1 MAXVALUE 9999999999999999999999999999 INCREMENT BY 1 START WITH 1040 CACHE 20 NOORDER  NOCYCLE ;
--------------------------------------------------------
--  DDL for Sequence SEQ_QNA_NO
--------------------------------------------------------

   CREATE SEQUENCE  "SEQ_QNA_NO"  MINVALUE 1 MAXVALUE 9999999999999999999999999999 INCREMENT BY 1 START WITH 21 CACHE 20 NOORDER  NOCYCLE ;
--------------------------------------------------------
--  DDL for Sequence SEQ_STEP_NO
--------------------------------------------------------

   CREATE SEQUENCE  "SEQ_STEP_NO"  MINVALUE 1 MAXVALUE 9999999999999999999999999999 INCREMENT BY 1 START WITH 1 CACHE 20 NOORDER  NOCYCLE ;
--------------------------------------------------------
--  DDL for Sequence SEQ_STORY_C_NO
--------------------------------------------------------

   CREATE SEQUENCE  "SEQ_STORY_C_NO"  MINVALUE 1 MAXVALUE 9999999999999999999999999999 INCREMENT BY 1 START WITH 61 CACHE 20 NOORDER  NOCYCLE ;
--------------------------------------------------------
--  DDL for Sequence SEQ_STORY_NO
--------------------------------------------------------

   CREATE SEQUENCE  "SEQ_STORY_NO"  MINVALUE 1 MAXVALUE 9999999999999999999999999999 INCREMENT BY 1 START WITH 181 CACHE 20 NOORDER  NOCYCLE ;
--------------------------------------------------------
--  DDL for Table TBL_BOOKMARK
--------------------------------------------------------

  CREATE TABLE "TBL_BOOKMARK" 
   (	"USER_ID" VARCHAR2(50 BYTE), 
	"HOBBY_NO" NUMBER, 
	"BM_SAVETIME" TIMESTAMP (6) DEFAULT sysdate
   ) SEGMENT CREATION IMMEDIATE 
  PCTFREE 10 PCTUSED 40 INITRANS 1 MAXTRANS 255 NOCOMPRESS LOGGING
  STORAGE(INITIAL 65536 NEXT 1048576 MINEXTENTS 1 MAXEXTENTS 2147483645
  PCTINCREASE 0 FREELISTS 1 FREELIST GROUPS 1 BUFFER_POOL DEFAULT FLASH_CACHE DEFAULT CELL_FLASH_CACHE DEFAULT)
  TABLESPACE "SYSTEM" ;
--------------------------------------------------------
--  DDL for Table TBL_COMMENT
--------------------------------------------------------

  CREATE TABLE "TBL_COMMENT" 
   (	"C_NO" NUMBER, 
	"USER_ID" VARCHAR2(50 BYTE), 
	"C_CONTENT" VARCHAR2(700 BYTE), 
	"H_NO" NUMBER, 
	"PARENT_C_NO" NUMBER, 
	"RE_GROUP" NUMBER, 
	"C_DEPTH" NUMBER(1,0) DEFAULT 0, 
	"IS_DEL" VARCHAR2(2 BYTE) DEFAULT 'N', 
	"REG_DATE" TIMESTAMP (6) DEFAULT sysdate, 
	"MOD_DATE" TIMESTAMP (6) DEFAULT null, 
	"DEL_DATE" TIMESTAMP (6) DEFAULT null
   ) SEGMENT CREATION IMMEDIATE 
  PCTFREE 10 PCTUSED 40 INITRANS 1 MAXTRANS 255 NOCOMPRESS LOGGING
  STORAGE(INITIAL 65536 NEXT 1048576 MINEXTENTS 1 MAXEXTENTS 2147483645
  PCTINCREASE 0 FREELISTS 1 FREELIST GROUPS 1 BUFFER_POOL DEFAULT FLASH_CACHE DEFAULT CELL_FLASH_CACHE DEFAULT)
  TABLESPACE "SYSTEM" ;
--------------------------------------------------------
--  DDL for Table TBL_COMPLETE_IMG
--------------------------------------------------------

  CREATE TABLE "TBL_COMPLETE_IMG" 
   (	"HOBBY_NO" NUMBER, 
	"NUM" NUMBER(1,0), 
	"IMG_NAME" VARCHAR2(500 BYTE)
   ) SEGMENT CREATION IMMEDIATE 
  PCTFREE 10 PCTUSED 40 INITRANS 1 MAXTRANS 255 NOCOMPRESS LOGGING
  STORAGE(INITIAL 65536 NEXT 1048576 MINEXTENTS 1 MAXEXTENTS 2147483645
  PCTINCREASE 0 FREELISTS 1 FREELIST GROUPS 1 BUFFER_POOL DEFAULT FLASH_CACHE DEFAULT CELL_FLASH_CACHE DEFAULT)
  TABLESPACE "SYSTEM" ;
--------------------------------------------------------
--  DDL for Table TBL_COST_CATE
--------------------------------------------------------

  CREATE TABLE "TBL_COST_CATE" 
   (	"COST_NO" NUMBER, 
	"COST_NAME" VARCHAR2(50 BYTE)
   ) SEGMENT CREATION IMMEDIATE 
  PCTFREE 10 PCTUSED 40 INITRANS 1 MAXTRANS 255 NOCOMPRESS LOGGING
  STORAGE(INITIAL 65536 NEXT 1048576 MINEXTENTS 1 MAXEXTENTS 2147483645
  PCTINCREASE 0 FREELISTS 1 FREELIST GROUPS 1 BUFFER_POOL DEFAULT FLASH_CACHE DEFAULT CELL_FLASH_CACHE DEFAULT)
  TABLESPACE "SYSTEM" ;
--------------------------------------------------------
--  DDL for Table TBL_EVENT
--------------------------------------------------------

  CREATE TABLE "TBL_EVENT" 
   (	"E_NO" NUMBER, 
	"M_NO" NUMBER, 
	"E_TITLE" VARCHAR2(100 BYTE), 
	"E_CONTENT" VARCHAR2(500 BYTE), 
	"E_IMG" VARCHAR2(100 BYTE), 
	"REG_DATE" TIMESTAMP (6) DEFAULT sysdate, 
	"MOD_DATE" TIMESTAMP (6), 
	"IS_DEL" VARCHAR2(3 BYTE) DEFAULT 'N', 
	"START_DATE" DATE, 
	"END_DATE" DATE, 
	"DEL_DATE" TIMESTAMP (6)
   ) SEGMENT CREATION IMMEDIATE 
  PCTFREE 10 PCTUSED 40 INITRANS 1 MAXTRANS 255 NOCOMPRESS LOGGING
  STORAGE(INITIAL 65536 NEXT 1048576 MINEXTENTS 1 MAXEXTENTS 2147483645
  PCTINCREASE 0 FREELISTS 1 FREELIST GROUPS 1 BUFFER_POOL DEFAULT FLASH_CACHE DEFAULT CELL_FLASH_CACHE DEFAULT)
  TABLESPACE "SYSTEM" ;
--------------------------------------------------------
--  DDL for Table TBL_FOLLOW
--------------------------------------------------------

  CREATE TABLE "TBL_FOLLOW" 
   (	"FOLLOWING" VARCHAR2(10 BYTE), 
	"FOLLOWER" VARCHAR2(10 BYTE), 
	"FOLLOW_DATE" TIMESTAMP (6) DEFAULT sysdate
   ) SEGMENT CREATION IMMEDIATE 
  PCTFREE 10 PCTUSED 40 INITRANS 1 MAXTRANS 255 NOCOMPRESS LOGGING
  STORAGE(INITIAL 65536 NEXT 1048576 MINEXTENTS 1 MAXEXTENTS 2147483645
  PCTINCREASE 0 FREELISTS 1 FREELIST GROUPS 1 BUFFER_POOL DEFAULT FLASH_CACHE DEFAULT CELL_FLASH_CACHE DEFAULT)
  TABLESPACE "SYSTEM" ;
--------------------------------------------------------
--  DDL for Table TBL_HOBBY
--------------------------------------------------------

  CREATE TABLE "TBL_HOBBY" 
   (	"HOBBY_NO" NUMBER, 
	"USER_ID" VARCHAR2(50 BYTE), 
	"HOBBY_TITLE" VARCHAR2(500 BYTE), 
	"MAIN_IMG" VARCHAR2(500 BYTE), 
	"HOBBY_INTRO" VARCHAR2(800 BYTE), 
	"HOBBY_VIDEO" VARCHAR2(100 BYTE), 
	"L_CATE_NO" NUMBER, 
	"M_CATE_NO" NUMBER, 
	"TIME_NO" NUMBER, 
	"LEVEL_NO" NUMBER, 
	"COST_NO" NUMBER, 
	"VIEW_CNT" NUMBER DEFAULT 0, 
	"LIKE_CNT" NUMBER DEFAULT 0, 
	"IS_DEL" VARCHAR2(1 BYTE) DEFAULT 'N', 
	"REG_DATE" TIMESTAMP (6) DEFAULT sysdate, 
	"MOD_DATE" TIMESTAMP (6) DEFAULT NULL, 
	"DEL_DATE" TIMESTAMP (6) DEFAULT NULL
   ) SEGMENT CREATION IMMEDIATE 
  PCTFREE 10 PCTUSED 40 INITRANS 1 MAXTRANS 255 NOCOMPRESS LOGGING
  STORAGE(INITIAL 65536 NEXT 1048576 MINEXTENTS 1 MAXEXTENTS 2147483645
  PCTINCREASE 0 FREELISTS 1 FREELIST GROUPS 1 BUFFER_POOL DEFAULT FLASH_CACHE DEFAULT CELL_FLASH_CACHE DEFAULT)
  TABLESPACE "SYSTEM" ;
--------------------------------------------------------
--  DDL for Table TBL_HOBBY_CATE
--------------------------------------------------------

  CREATE TABLE "TBL_HOBBY_CATE" 
   (	"CATE_NO" NUMBER, 
	"CATE_NAME" VARCHAR2(50 BYTE), 
	"PARENT_CATE_NO" NUMBER, 
	"CATE_LEVEL" NUMBER(1,0) DEFAULT 1
   ) SEGMENT CREATION IMMEDIATE 
  PCTFREE 10 PCTUSED 40 INITRANS 1 MAXTRANS 255 NOCOMPRESS LOGGING
  STORAGE(INITIAL 65536 NEXT 1048576 MINEXTENTS 1 MAXEXTENTS 2147483645
  PCTINCREASE 0 FREELISTS 1 FREELIST GROUPS 1 BUFFER_POOL DEFAULT FLASH_CACHE DEFAULT CELL_FLASH_CACHE DEFAULT)
  TABLESPACE "SYSTEM" ;
--------------------------------------------------------
--  DDL for Table TBL_HOBBY_LIKE
--------------------------------------------------------

  CREATE TABLE "TBL_HOBBY_LIKE" 
   (	"USER_ID" VARCHAR2(50 BYTE), 
	"HOBBY_NO" NUMBER
   ) SEGMENT CREATION IMMEDIATE 
  PCTFREE 10 PCTUSED 40 INITRANS 1 MAXTRANS 255 NOCOMPRESS LOGGING
  STORAGE(INITIAL 65536 NEXT 1048576 MINEXTENTS 1 MAXEXTENTS 2147483645
  PCTINCREASE 0 FREELISTS 1 FREELIST GROUPS 1 BUFFER_POOL DEFAULT FLASH_CACHE DEFAULT CELL_FLASH_CACHE DEFAULT)
  TABLESPACE "SYSTEM" ;
--------------------------------------------------------
--  DDL for Table TBL_HOBBY_MATERIAL
--------------------------------------------------------

  CREATE TABLE "TBL_HOBBY_MATERIAL" 
   (	"HM_NO" NUMBER, 
	"HOBBY_NO" NUMBER, 
	"MATERIAL_NO" NUMBER, 
	"MATERIAL_DETAIL" VARCHAR2(200 BYTE), 
	"SEQ" NUMBER(2,0), 
	"IS_DEL" VARCHAR2(1 BYTE) DEFAULT 'N'
   ) SEGMENT CREATION IMMEDIATE 
  PCTFREE 10 PCTUSED 40 INITRANS 1 MAXTRANS 255 NOCOMPRESS LOGGING
  STORAGE(INITIAL 65536 NEXT 1048576 MINEXTENTS 1 MAXEXTENTS 2147483645
  PCTINCREASE 0 FREELISTS 1 FREELIST GROUPS 1 BUFFER_POOL DEFAULT FLASH_CACHE DEFAULT CELL_FLASH_CACHE DEFAULT)
  TABLESPACE "SYSTEM" ;
--------------------------------------------------------
--  DDL for Table TBL_LEVEL_CATE
--------------------------------------------------------

  CREATE TABLE "TBL_LEVEL_CATE" 
   (	"LEVEL_NO" NUMBER, 
	"LEVEL_NAME" VARCHAR2(50 BYTE)
   ) SEGMENT CREATION IMMEDIATE 
  PCTFREE 10 PCTUSED 40 INITRANS 1 MAXTRANS 255 NOCOMPRESS LOGGING
  STORAGE(INITIAL 65536 NEXT 1048576 MINEXTENTS 1 MAXEXTENTS 2147483645
  PCTINCREASE 0 FREELISTS 1 FREELIST GROUPS 1 BUFFER_POOL DEFAULT FLASH_CACHE DEFAULT CELL_FLASH_CACHE DEFAULT)
  TABLESPACE "SYSTEM" ;
--------------------------------------------------------
--  DDL for Table TBL_LOGIN_TIME
--------------------------------------------------------

  CREATE TABLE "TBL_LOGIN_TIME" 
   (	"USER_ID" VARCHAR2(50 BYTE), 
	"LOGIN_TIME" TIMESTAMP (6)
   ) SEGMENT CREATION IMMEDIATE 
  PCTFREE 10 PCTUSED 40 INITRANS 1 MAXTRANS 255 NOCOMPRESS LOGGING
  STORAGE(INITIAL 65536 NEXT 1048576 MINEXTENTS 1 MAXEXTENTS 2147483645
  PCTINCREASE 0 FREELISTS 1 FREELIST GROUPS 1 BUFFER_POOL DEFAULT FLASH_CACHE DEFAULT CELL_FLASH_CACHE DEFAULT)
  TABLESPACE "SYSTEM" ;
--------------------------------------------------------
--  DDL for Table TBL_MAIN_EVENT
--------------------------------------------------------

  CREATE TABLE "TBL_MAIN_EVENT" 
   (	"E_NO" NUMBER
   ) SEGMENT CREATION IMMEDIATE 
  PCTFREE 10 PCTUSED 40 INITRANS 1 MAXTRANS 255 NOCOMPRESS LOGGING
  STORAGE(INITIAL 65536 NEXT 1048576 MINEXTENTS 1 MAXEXTENTS 2147483645
  PCTINCREASE 0 FREELISTS 1 FREELIST GROUPS 1 BUFFER_POOL DEFAULT FLASH_CACHE DEFAULT CELL_FLASH_CACHE DEFAULT)
  TABLESPACE "SYSTEM" ;
--------------------------------------------------------
--  DDL for Table TBL_MAKE_STEP
--------------------------------------------------------

  CREATE TABLE "TBL_MAKE_STEP" 
   (	"STEP_NO" NUMBER, 
	"HOBBY_NO" NUMBER, 
	"MAKE_STEP_NUM" NUMBER(2,0), 
	"MAKE_STEP_TEXT" VARCHAR2(2000 BYTE), 
	"MAKE_STEP_IMG" VARCHAR2(500 BYTE), 
	"TIP" VARCHAR2(500 BYTE), 
	"NOTE" VARCHAR2(500 BYTE), 
	"LINK_URL" VARCHAR2(500 BYTE), 
	"LINK_DESC" VARCHAR2(500 BYTE), 
	"IS_DEL" VARCHAR2(1 BYTE) DEFAULT 'N'
   ) SEGMENT CREATION IMMEDIATE 
  PCTFREE 10 PCTUSED 40 INITRANS 1 MAXTRANS 255 NOCOMPRESS LOGGING
  STORAGE(INITIAL 65536 NEXT 1048576 MINEXTENTS 1 MAXEXTENTS 2147483645
  PCTINCREASE 0 FREELISTS 1 FREELIST GROUPS 1 BUFFER_POOL DEFAULT FLASH_CACHE DEFAULT CELL_FLASH_CACHE DEFAULT)
  TABLESPACE "SYSTEM" ;
--------------------------------------------------------
--  DDL for Table TBL_MANAGER_MEMBER
--------------------------------------------------------

  CREATE TABLE "TBL_MANAGER_MEMBER" 
   (	"M_NO" NUMBER, 
	"USER_ID" VARCHAR2(50 BYTE), 
	"M_AUTORITY" VARCHAR2(50 BYTE), 
	"M_NIK" VARCHAR2(50 BYTE) DEFAULT '꼼지락', 
	"M_REG_DATE" TIMESTAMP (6) DEFAULT sysdate, 
	"USER_NAME" VARCHAR2(50 BYTE)
   ) SEGMENT CREATION IMMEDIATE 
  PCTFREE 10 PCTUSED 40 INITRANS 1 MAXTRANS 255 NOCOMPRESS LOGGING
  STORAGE(INITIAL 65536 NEXT 1048576 MINEXTENTS 1 MAXEXTENTS 2147483645
  PCTINCREASE 0 FREELISTS 1 FREELIST GROUPS 1 BUFFER_POOL DEFAULT FLASH_CACHE DEFAULT CELL_FLASH_CACHE DEFAULT)
  TABLESPACE "SYSTEM" ;
--------------------------------------------------------
--  DDL for Table TBL_MATERIAL
--------------------------------------------------------

  CREATE TABLE "TBL_MATERIAL" 
   (	"MATERIAL_NO" NUMBER, 
	"MATERIAL_NAME" VARCHAR2(200 BYTE)
   ) SEGMENT CREATION IMMEDIATE 
  PCTFREE 10 PCTUSED 40 INITRANS 1 MAXTRANS 255 NOCOMPRESS LOGGING
  STORAGE(INITIAL 65536 NEXT 1048576 MINEXTENTS 1 MAXEXTENTS 2147483645
  PCTINCREASE 0 FREELISTS 1 FREELIST GROUPS 1 BUFFER_POOL DEFAULT FLASH_CACHE DEFAULT CELL_FLASH_CACHE DEFAULT)
  TABLESPACE "SYSTEM" ;
--------------------------------------------------------
--  DDL for Table TBL_MEMBERDETAIL
--------------------------------------------------------

  CREATE TABLE "TBL_MEMBERDETAIL" 
   (	"USER_ID" VARCHAR2(50 BYTE), 
	"USER_NICK" VARCHAR2(50 BYTE), 
	"CATE_NO1" NUMBER, 
	"CATE_NO2" NUMBER, 
	"CATE_NO3" NUMBER, 
	"CATE_ETC" VARCHAR2(100 BYTE), 
	"FOLLOWER_CNT" NUMBER DEFAULT 0, 
	"FOLLOWING_CNT" NUMBER DEFAULT 0, 
	"USER_IMG" VARCHAR2(200 BYTE), 
	"USER_GRADE" NUMBER, 
	"REG_DATE" TIMESTAMP (6) DEFAULT sysdate
   ) SEGMENT CREATION IMMEDIATE 
  PCTFREE 10 PCTUSED 40 INITRANS 1 MAXTRANS 255 NOCOMPRESS LOGGING
  STORAGE(INITIAL 65536 NEXT 1048576 MINEXTENTS 1 MAXEXTENTS 2147483645
  PCTINCREASE 0 FREELISTS 1 FREELIST GROUPS 1 BUFFER_POOL DEFAULT FLASH_CACHE DEFAULT CELL_FLASH_CACHE DEFAULT)
  TABLESPACE "SYSTEM" ;
--------------------------------------------------------
--  DDL for Table TBL_MEMBERGRADE
--------------------------------------------------------

  CREATE TABLE "TBL_MEMBERGRADE" 
   (	"CD" NUMBER, 
	"NAME" VARCHAR2(50 BYTE)
   ) SEGMENT CREATION IMMEDIATE 
  PCTFREE 10 PCTUSED 40 INITRANS 1 MAXTRANS 255 NOCOMPRESS LOGGING
  STORAGE(INITIAL 65536 NEXT 1048576 MINEXTENTS 1 MAXEXTENTS 2147483645
  PCTINCREASE 0 FREELISTS 1 FREELIST GROUPS 1 BUFFER_POOL DEFAULT FLASH_CACHE DEFAULT CELL_FLASH_CACHE DEFAULT)
  TABLESPACE "SYSTEM" ;
--------------------------------------------------------
--  DDL for Table TBL_MEMBERINFO
--------------------------------------------------------

  CREATE TABLE "TBL_MEMBERINFO" 
   (	"USER_ID" VARCHAR2(50 BYTE), 
	"USER_PW" VARCHAR2(50 BYTE), 
	"USER_NAME" VARCHAR2(50 BYTE), 
	"USER_EMAIL" VARCHAR2(100 BYTE), 
	"USER_TEL" VARCHAR2(50 BYTE), 
	"REG_DATE" TIMESTAMP (6) DEFAULT sysdate, 
	"IS_DEL" CHAR(1 BYTE) DEFAULT 'N', 
	"DEL_DATE" TIMESTAMP (6)
   ) SEGMENT CREATION IMMEDIATE 
  PCTFREE 10 PCTUSED 40 INITRANS 1 MAXTRANS 255 NOCOMPRESS LOGGING
  STORAGE(INITIAL 65536 NEXT 1048576 MINEXTENTS 1 MAXEXTENTS 2147483645
  PCTINCREASE 0 FREELISTS 1 FREELIST GROUPS 1 BUFFER_POOL DEFAULT FLASH_CACHE DEFAULT CELL_FLASH_CACHE DEFAULT)
  TABLESPACE "SYSTEM" ;
--------------------------------------------------------
--  DDL for Table TBL_MEMBERSETUP
--------------------------------------------------------

  CREATE TABLE "TBL_MEMBERSETUP" 
   (	"USER_ID" VARCHAR2(50 BYTE), 
	"ONOFF" VARCHAR2(3 BYTE) DEFAULT 'off', 
	"SETUP_SAVE_TIME" TIMESTAMP (6)
   ) SEGMENT CREATION IMMEDIATE 
  PCTFREE 10 PCTUSED 40 INITRANS 1 MAXTRANS 255 NOCOMPRESS LOGGING
  STORAGE(INITIAL 65536 NEXT 1048576 MINEXTENTS 1 MAXEXTENTS 2147483645
  PCTINCREASE 0 FREELISTS 1 FREELIST GROUPS 1 BUFFER_POOL DEFAULT FLASH_CACHE DEFAULT CELL_FLASH_CACHE DEFAULT)
  TABLESPACE "SYSTEM" ;
--------------------------------------------------------
--  DDL for Table TBL_MEMBER_ACTIV
--------------------------------------------------------

  CREATE TABLE "TBL_MEMBER_ACTIV" 
   (	"USER_ID" VARCHAR2(50 BYTE), 
	"CONTENT_CNT" NUMBER DEFAULT 0, 
	"COMMENT_CNT" NUMBER DEFAULT 0, 
	"ASK_CNT" NUMBER DEFAULT 0, 
	"LIKE_ALL_CNT" NUMBER DEFAULT 0
   ) SEGMENT CREATION IMMEDIATE 
  PCTFREE 10 PCTUSED 40 INITRANS 1 MAXTRANS 255 NOCOMPRESS LOGGING
  STORAGE(INITIAL 65536 NEXT 1048576 MINEXTENTS 1 MAXEXTENTS 2147483645
  PCTINCREASE 0 FREELISTS 1 FREELIST GROUPS 1 BUFFER_POOL DEFAULT FLASH_CACHE DEFAULT CELL_FLASH_CACHE DEFAULT)
  TABLESPACE "SYSTEM" ;
--------------------------------------------------------
--  DDL for Table TBL_QNA
--------------------------------------------------------

  CREATE TABLE "TBL_QNA" 
   (	"QNA_NO" NUMBER, 
	"A_NO" NUMBER DEFAULT 0, 
	"QNA_TYPE" CHAR(1 BYTE), 
	"QNA_SORT_CD" VARCHAR2(50 BYTE), 
	"TITLE" VARCHAR2(200 BYTE), 
	"CONTENT" VARCHAR2(4000 BYTE), 
	"USER_ID" VARCHAR2(50 BYTE), 
	"SAVE_TIME" TIMESTAMP (6) DEFAULT sysdate, 
	"UPDATE_TIME" TIMESTAMP (6), 
	"IS_DEL" CHAR(1 BYTE) DEFAULT 'N', 
	"DELETE_TIME" TIMESTAMP (6), 
	"INPUT_NAME" VARCHAR2(50 BYTE), 
	"INPUT_TEL" VARCHAR2(50 BYTE), 
	"INPUT_EMAIL" VARCHAR2(100 BYTE), 
	"IS_EMAIL_RECEIVE" VARCHAR2(10 BYTE)
   ) SEGMENT CREATION IMMEDIATE 
  PCTFREE 10 PCTUSED 40 INITRANS 1 MAXTRANS 255 NOCOMPRESS LOGGING
  STORAGE(INITIAL 65536 NEXT 1048576 MINEXTENTS 1 MAXEXTENTS 2147483645
  PCTINCREASE 0 FREELISTS 1 FREELIST GROUPS 1 BUFFER_POOL DEFAULT FLASH_CACHE DEFAULT CELL_FLASH_CACHE DEFAULT)
  TABLESPACE "SYSTEM" ;
--------------------------------------------------------
--  DDL for Table TBL_QNASORT
--------------------------------------------------------

  CREATE TABLE "TBL_QNASORT" 
   (	"QNA_SORT_CD" VARCHAR2(50 BYTE), 
	"QNA_TYPE_NM" VARCHAR2(50 BYTE)
   ) SEGMENT CREATION IMMEDIATE 
  PCTFREE 10 PCTUSED 40 INITRANS 1 MAXTRANS 255 NOCOMPRESS LOGGING
  STORAGE(INITIAL 65536 NEXT 1048576 MINEXTENTS 1 MAXEXTENTS 2147483645
  PCTINCREASE 0 FREELISTS 1 FREELIST GROUPS 1 BUFFER_POOL DEFAULT FLASH_CACHE DEFAULT CELL_FLASH_CACHE DEFAULT)
  TABLESPACE "SYSTEM" ;
--------------------------------------------------------
--  DDL for Table TBL_STORY
--------------------------------------------------------

  CREATE TABLE "TBL_STORY" 
   (	"ST_NO" NUMBER, 
	"USER_ID" VARCHAR2(50 BYTE), 
	"ST_CONTENT" VARCHAR2(4000 BYTE), 
	"ST_IMG" VARCHAR2(1000 BYTE), 
	"REG_DATE" TIMESTAMP (6) DEFAULT sysdate, 
	"MOD_DATE" TIMESTAMP (6), 
	"IS_DEL" VARCHAR2(1 BYTE) DEFAULT 'N', 
	"ST_LIKE_COUNT" NUMBER DEFAULT 0, 
	"ST_C_COUNT" NUMBER DEFAULT 0, 
	"DEL_DATE" TIMESTAMP (6)
   ) SEGMENT CREATION IMMEDIATE 
  PCTFREE 10 PCTUSED 40 INITRANS 1 MAXTRANS 255 NOCOMPRESS LOGGING
  STORAGE(INITIAL 65536 NEXT 1048576 MINEXTENTS 1 MAXEXTENTS 2147483645
  PCTINCREASE 0 FREELISTS 1 FREELIST GROUPS 1 BUFFER_POOL DEFAULT FLASH_CACHE DEFAULT CELL_FLASH_CACHE DEFAULT)
  TABLESPACE "SYSTEM" ;
--------------------------------------------------------
--  DDL for Table TBL_STORY_COMMENT
--------------------------------------------------------

  CREATE TABLE "TBL_STORY_COMMENT" 
   (	"ST_C_NO" NUMBER, 
	"USER_ID" VARCHAR2(50 BYTE), 
	"ST_NO" NUMBER, 
	"ST_C_CONTENT" VARCHAR2(2000 BYTE), 
	"ST_C_PARENT_NO" NUMBER, 
	"ST_C_DEPTH" NUMBER DEFAULT 0, 
	"ST_C_ORDER" NUMBER, 
	"REG_DATE" TIMESTAMP (6) DEFAULT sysdate, 
	"MOD_DATE" TIMESTAMP (6), 
	"IS_DEL" VARCHAR2(1 BYTE) DEFAULT 'N', 
	"DEL_DATE" TIMESTAMP (6)
   ) SEGMENT CREATION IMMEDIATE 
  PCTFREE 10 PCTUSED 40 INITRANS 1 MAXTRANS 255 NOCOMPRESS LOGGING
  STORAGE(INITIAL 65536 NEXT 1048576 MINEXTENTS 1 MAXEXTENTS 2147483645
  PCTINCREASE 0 FREELISTS 1 FREELIST GROUPS 1 BUFFER_POOL DEFAULT FLASH_CACHE DEFAULT CELL_FLASH_CACHE DEFAULT)
  TABLESPACE "SYSTEM" ;
--------------------------------------------------------
--  DDL for Table TBL_STORY_LIKE
--------------------------------------------------------

  CREATE TABLE "TBL_STORY_LIKE" 
   (	"ST_NO" NUMBER, 
	"USER_ID" VARCHAR2(50 BYTE)
   ) SEGMENT CREATION IMMEDIATE 
  PCTFREE 10 PCTUSED 40 INITRANS 1 MAXTRANS 255 NOCOMPRESS LOGGING
  STORAGE(INITIAL 65536 NEXT 1048576 MINEXTENTS 1 MAXEXTENTS 2147483645
  PCTINCREASE 0 FREELISTS 1 FREELIST GROUPS 1 BUFFER_POOL DEFAULT FLASH_CACHE DEFAULT CELL_FLASH_CACHE DEFAULT)
  TABLESPACE "SYSTEM" ;
--------------------------------------------------------
--  DDL for Table TBL_TIME_CATE
--------------------------------------------------------

  CREATE TABLE "TBL_TIME_CATE" 
   (	"TIME_NO" NUMBER, 
	"TIME_NAME" VARCHAR2(50 BYTE)
   ) SEGMENT CREATION IMMEDIATE 
  PCTFREE 10 PCTUSED 40 INITRANS 1 MAXTRANS 255 NOCOMPRESS LOGGING
  STORAGE(INITIAL 65536 NEXT 1048576 MINEXTENTS 1 MAXEXTENTS 2147483645
  PCTINCREASE 0 FREELISTS 1 FREELIST GROUPS 1 BUFFER_POOL DEFAULT FLASH_CACHE DEFAULT CELL_FLASH_CACHE DEFAULT)
  TABLESPACE "SYSTEM" ;
--------------------------------------------------------
--  DDL for Table TBL_WORKROOM
--------------------------------------------------------

  CREATE TABLE "TBL_WORKROOM" 
   (	"USER_ID" VARCHAR2(50 BYTE), 
	"WR_NAME" VARCHAR2(50 BYTE) DEFAULT '작업실', 
	"WR_INTRO" VARCHAR2(500 BYTE)
   ) SEGMENT CREATION IMMEDIATE 
  PCTFREE 10 PCTUSED 40 INITRANS 1 MAXTRANS 255 NOCOMPRESS LOGGING
  STORAGE(INITIAL 65536 NEXT 1048576 MINEXTENTS 1 MAXEXTENTS 2147483645
  PCTINCREASE 0 FREELISTS 1 FREELIST GROUPS 1 BUFFER_POOL DEFAULT FLASH_CACHE DEFAULT CELL_FLASH_CACHE DEFAULT)
  TABLESPACE "SYSTEM" ;
REM INSERTING into TBL_BOOKMARK
SET DEFINE OFF;
REM INSERTING into TBL_COMMENT
SET DEFINE OFF;
REM INSERTING into TBL_COMPLETE_IMG
SET DEFINE OFF;
REM INSERTING into TBL_COST_CATE
SET DEFINE OFF;
Insert into TBL_COST_CATE (COST_NO,COST_NAME) values (1,'1000원 이내');
Insert into TBL_COST_CATE (COST_NO,COST_NAME) values (2,'5000원 이내');
Insert into TBL_COST_CATE (COST_NO,COST_NAME) values (3,'10000원 이내');
Insert into TBL_COST_CATE (COST_NO,COST_NAME) values (4,'20000원 이내');
Insert into TBL_COST_CATE (COST_NO,COST_NAME) values (5,'30000원 이내');
Insert into TBL_COST_CATE (COST_NO,COST_NAME) values (6,'40000원 이내');
Insert into TBL_COST_CATE (COST_NO,COST_NAME) values (7,'50000원 이내');
Insert into TBL_COST_CATE (COST_NO,COST_NAME) values (8,'50000원 이상');
REM INSERTING into TBL_EVENT
SET DEFINE OFF;
Insert into TBL_EVENT (E_NO,M_NO,E_TITLE,E_CONTENT,E_IMG,REG_DATE,MOD_DATE,IS_DEL,START_DATE,END_DATE,DEL_DATE) values (1,1001,'이벤트 제목1','이벤트 내용1',null,to_timestamp('21/07/20 12:32:02.000000000','RR/MM/DD HH24:MI:SSXFF'),null,'N',to_date('2021/07/21','RRRR/MM/DD'),to_date('2021/08/21','RRRR/MM/DD'),null);
Insert into TBL_EVENT (E_NO,M_NO,E_TITLE,E_CONTENT,E_IMG,REG_DATE,MOD_DATE,IS_DEL,START_DATE,END_DATE,DEL_DATE) values (2,1001,'이벤트 제목2','이벤트 내용2',null,to_timestamp('21/07/20 12:39:27.000000000','RR/MM/DD HH24:MI:SSXFF'),null,'N',to_date('2021/07/22','RRRR/MM/DD'),to_date('2021/08/23','RRRR/MM/DD'),null);
Insert into TBL_EVENT (E_NO,M_NO,E_TITLE,E_CONTENT,E_IMG,REG_DATE,MOD_DATE,IS_DEL,START_DATE,END_DATE,DEL_DATE) values (3,1001,'이벤트 제목3','이벤트 내용3',null,to_timestamp('21/07/20 12:39:53.000000000','RR/MM/DD HH24:MI:SSXFF'),null,'N',to_date('2021/07/23','RRRR/MM/DD'),to_date('2021/08/23','RRRR/MM/DD'),null);
Insert into TBL_EVENT (E_NO,M_NO,E_TITLE,E_CONTENT,E_IMG,REG_DATE,MOD_DATE,IS_DEL,START_DATE,END_DATE,DEL_DATE) values (4,1001,'테스트제목1','테스트 내용1',null,to_timestamp('21/07/21 16:47:45.000000000','RR/MM/DD HH24:MI:SSXFF'),null,'N',to_date('2021/07/21','RRRR/MM/DD'),to_date('2021/07/21','RRRR/MM/DD'),null);
Insert into TBL_EVENT (E_NO,M_NO,E_TITLE,E_CONTENT,E_IMG,REG_DATE,MOD_DATE,IS_DEL,START_DATE,END_DATE,DEL_DATE) values (5,1001,'테스트제목1','테스트내용1',null,to_timestamp('21/07/21 16:48:31.000000000','RR/MM/DD HH24:MI:SSXFF'),null,'N',to_date('2021/07/21','RRRR/MM/DD'),to_date('2021/07/21','RRRR/MM/DD'),null);
Insert into TBL_EVENT (E_NO,M_NO,E_TITLE,E_CONTENT,E_IMG,REG_DATE,MOD_DATE,IS_DEL,START_DATE,END_DATE,DEL_DATE) values (6,1001,'테스트제목2','테스트 내용2',null,to_timestamp('21/07/21 16:51:41.000000000','RR/MM/DD HH24:MI:SSXFF'),null,'N',null,null,null);
Insert into TBL_EVENT (E_NO,M_NO,E_TITLE,E_CONTENT,E_IMG,REG_DATE,MOD_DATE,IS_DEL,START_DATE,END_DATE,DEL_DATE) values (7,1001,'테스트제목3','테스트 내용3',null,to_timestamp('21/07/21 16:56:27.000000000','RR/MM/DD HH24:MI:SSXFF'),null,'N',null,null,null);
Insert into TBL_EVENT (E_NO,M_NO,E_TITLE,E_CONTENT,E_IMG,REG_DATE,MOD_DATE,IS_DEL,START_DATE,END_DATE,DEL_DATE) values (8,1001,'테스트제목4','테스트 내용4',null,to_timestamp('21/07/21 16:57:45.000000000','RR/MM/DD HH24:MI:SSXFF'),null,'N',null,null,null);
Insert into TBL_EVENT (E_NO,M_NO,E_TITLE,E_CONTENT,E_IMG,REG_DATE,MOD_DATE,IS_DEL,START_DATE,END_DATE,DEL_DATE) values (9,1001,'테스트제목5','테스트 제목5',null,to_timestamp('21/07/21 16:58:49.000000000','RR/MM/DD HH24:MI:SSXFF'),null,'N',null,null,null);
Insert into TBL_EVENT (E_NO,M_NO,E_TITLE,E_CONTENT,E_IMG,REG_DATE,MOD_DATE,IS_DEL,START_DATE,END_DATE,DEL_DATE) values (10,1001,'테스트제목6','테스트 내용6',null,to_timestamp('21/07/21 17:05:49.000000000','RR/MM/DD HH24:MI:SSXFF'),null,'N',null,null,null);
Insert into TBL_EVENT (E_NO,M_NO,E_TITLE,E_CONTENT,E_IMG,REG_DATE,MOD_DATE,IS_DEL,START_DATE,END_DATE,DEL_DATE) values (11,1001,'테스트제목7','테스트 내용7',null,to_timestamp('21/07/21 17:06:42.000000000','RR/MM/DD HH24:MI:SSXFF'),null,'N',null,null,null);
Insert into TBL_EVENT (E_NO,M_NO,E_TITLE,E_CONTENT,E_IMG,REG_DATE,MOD_DATE,IS_DEL,START_DATE,END_DATE,DEL_DATE) values (12,1001,'이벤트 제목4','이벤트 내용4',null,to_timestamp('21/07/21 17:14:27.000000000','RR/MM/DD HH24:MI:SSXFF'),null,'N',to_date('2021/07/23','RRRR/MM/DD'),to_date('2021/08/23','RRRR/MM/DD'),null);
Insert into TBL_EVENT (E_NO,M_NO,E_TITLE,E_CONTENT,E_IMG,REG_DATE,MOD_DATE,IS_DEL,START_DATE,END_DATE,DEL_DATE) values (13,1001,'테스트제목8','테스트 내용8',null,to_timestamp('21/07/21 17:18:18.000000000','RR/MM/DD HH24:MI:SSXFF'),null,'N',to_date('2021/07/22','RRRR/MM/DD'),to_date('2021/07/23','RRRR/MM/DD'),null);
Insert into TBL_EVENT (E_NO,M_NO,E_TITLE,E_CONTENT,E_IMG,REG_DATE,MOD_DATE,IS_DEL,START_DATE,END_DATE,DEL_DATE) values (14,1001,'수정제목1-수정','수정 내용1-수정',null,to_timestamp('21/07/21 17:18:51.000000000','RR/MM/DD HH24:MI:SSXFF'),to_timestamp('21/07/21 18:32:27.000000000','RR/MM/DD HH24:MI:SSXFF'),'N',to_date('2021/07/26','RRRR/MM/DD'),to_date('2021/07/28','RRRR/MM/DD'),null);
Insert into TBL_EVENT (E_NO,M_NO,E_TITLE,E_CONTENT,E_IMG,REG_DATE,MOD_DATE,IS_DEL,START_DATE,END_DATE,DEL_DATE) values (15,1001,'테스트 제목10','테스트 내용10',null,to_timestamp('21/07/21 17:19:22.000000000','RR/MM/DD HH24:MI:SSXFF'),null,'N',to_date('2021/07/19','RRRR/MM/DD'),to_date('2021/07/20','RRRR/MM/DD'),null);
Insert into TBL_EVENT (E_NO,M_NO,E_TITLE,E_CONTENT,E_IMG,REG_DATE,MOD_DATE,IS_DEL,START_DATE,END_DATE,DEL_DATE) values (16,1001,'테스트 제목11-수정','테스트 내용11-수정',null,to_timestamp('21/07/21 17:20:02.000000000','RR/MM/DD HH24:MI:SSXFF'),to_timestamp('21/07/21 18:35:03.000000000','RR/MM/DD HH24:MI:SSXFF'),'Y',to_date('2021/07/24','RRRR/MM/DD'),to_date('2021/07/25','RRRR/MM/DD'),to_timestamp('21/08/03 10:04:48.000000000','RR/MM/DD HH24:MI:SSXFF'));
Insert into TBL_EVENT (E_NO,M_NO,E_TITLE,E_CONTENT,E_IMG,REG_DATE,MOD_DATE,IS_DEL,START_DATE,END_DATE,DEL_DATE) values (21,1001,'이미지 테스트 01','이미지 테스트 01',null,to_timestamp('21/08/03 09:15:00.000000000','RR/MM/DD HH24:MI:SSXFF'),null,'N',to_date('2021/08/04','RRRR/MM/DD'),to_date('2021/08/06','RRRR/MM/DD'),null);
Insert into TBL_EVENT (E_NO,M_NO,E_TITLE,E_CONTENT,E_IMG,REG_DATE,MOD_DATE,IS_DEL,START_DATE,END_DATE,DEL_DATE) values (22,1001,'이미지 테스트 02','이미지 테스트 02',null,to_timestamp('21/08/03 09:15:51.000000000','RR/MM/DD HH24:MI:SSXFF'),null,'N',to_date('2021/08/06','RRRR/MM/DD'),to_date('2021/08/12','RRRR/MM/DD'),null);
Insert into TBL_EVENT (E_NO,M_NO,E_TITLE,E_CONTENT,E_IMG,REG_DATE,MOD_DATE,IS_DEL,START_DATE,END_DATE,DEL_DATE) values (23,1001,'이미지 테스트 03','이미지 테스트 03',null,to_timestamp('21/08/03 09:16:12.000000000','RR/MM/DD HH24:MI:SSXFF'),null,'N',to_date('2021/08/05','RRRR/MM/DD'),to_date('2021/08/06','RRRR/MM/DD'),null);
Insert into TBL_EVENT (E_NO,M_NO,E_TITLE,E_CONTENT,E_IMG,REG_DATE,MOD_DATE,IS_DEL,START_DATE,END_DATE,DEL_DATE) values (24,1001,'이미지 테스트04','이미지 테스트 04',null,to_timestamp('21/08/03 09:29:44.000000000','RR/MM/DD HH24:MI:SSXFF'),null,'N',to_date('2021/08/04','RRRR/MM/DD'),to_date('2021/08/13','RRRR/MM/DD'),null);
Insert into TBL_EVENT (E_NO,M_NO,E_TITLE,E_CONTENT,E_IMG,REG_DATE,MOD_DATE,IS_DEL,START_DATE,END_DATE,DEL_DATE) values (25,1001,'테스트제목1 공유폴더','테스트 내용1 공유폴더',null,to_timestamp('21/08/03 12:40:18.000000000','RR/MM/DD HH24:MI:SSXFF'),null,'N',to_date('2021/08/06','RRRR/MM/DD'),to_date('2021/08/06','RRRR/MM/DD'),null);
Insert into TBL_EVENT (E_NO,M_NO,E_TITLE,E_CONTENT,E_IMG,REG_DATE,MOD_DATE,IS_DEL,START_DATE,END_DATE,DEL_DATE) values (26,1001,'테스트제목1',null,'event_img/2021/08/03/de0e6dd3-cea7-4c4a-aabd-e3adf10ebe59_banner05.jpg',to_timestamp('21/08/03 18:55:05.000000000','RR/MM/DD HH24:MI:SSXFF'),null,'N',to_date('2021/08/05','RRRR/MM/DD'),to_date('2021/08/11','RRRR/MM/DD'),null);
Insert into TBL_EVENT (E_NO,M_NO,E_TITLE,E_CONTENT,E_IMG,REG_DATE,MOD_DATE,IS_DEL,START_DATE,END_DATE,DEL_DATE) values (27,1001,'이미지 테스트3',null,'event_img/2021/08/03/d1ba4490-af93-4c55-8b31-ccb8bb6b4dc9_banner03.jpg',to_timestamp('21/08/03 19:01:53.000000000','RR/MM/DD HH24:MI:SSXFF'),null,'N',to_date('2021/08/05','RRRR/MM/DD'),to_date('2021/08/06','RRRR/MM/DD'),null);
Insert into TBL_EVENT (E_NO,M_NO,E_TITLE,E_CONTENT,E_IMG,REG_DATE,MOD_DATE,IS_DEL,START_DATE,END_DATE,DEL_DATE) values (28,1001,'테스트4',null,'event_img/2021/08/03/9054a795-d72e-4d00-9dce-89c886723b0c_banner04.jpg',to_timestamp('21/08/03 19:02:22.000000000','RR/MM/DD HH24:MI:SSXFF'),null,'N',to_date('2021/08/27','RRRR/MM/DD'),to_date('2021/09/01','RRRR/MM/DD'),null);
REM INSERTING into TBL_FOLLOW
SET DEFINE OFF;
Insert into TBL_FOLLOW (FOLLOWING,FOLLOWER,FOLLOW_DATE) values ('dog','duck',to_timestamp('21/07/30 16:23:03.000000000','RR/MM/DD HH24:MI:SSXFF'));
Insert into TBL_FOLLOW (FOLLOWING,FOLLOWER,FOLLOW_DATE) values ('cat','duck',to_timestamp('21/07/30 16:06:22.000000000','RR/MM/DD HH24:MI:SSXFF'));
Insert into TBL_FOLLOW (FOLLOWING,FOLLOWER,FOLLOW_DATE) values ('rabbit','duck',to_timestamp('21/07/30 16:06:22.000000000','RR/MM/DD HH24:MI:SSXFF'));
REM INSERTING into TBL_HOBBY
SET DEFINE OFF;
Insert into TBL_HOBBY (HOBBY_NO,USER_ID,HOBBY_TITLE,MAIN_IMG,HOBBY_INTRO,HOBBY_VIDEO,L_CATE_NO,M_CATE_NO,TIME_NO,LEVEL_NO,COST_NO,VIEW_CNT,LIKE_CNT,IS_DEL,REG_DATE,MOD_DATE,DEL_DATE) values (2,'dog','취미 제목1','취미 이미지1','취미 소개1','취미 영상1',1000,1001,30,3,5,3,2,'N',to_timestamp('21/08/03 10:59:23.000000000','RR/MM/DD HH24:MI:SSXFF'),null,null);
Insert into TBL_HOBBY (HOBBY_NO,USER_ID,HOBBY_TITLE,MAIN_IMG,HOBBY_INTRO,HOBBY_VIDEO,L_CATE_NO,M_CATE_NO,TIME_NO,LEVEL_NO,COST_NO,VIEW_CNT,LIKE_CNT,IS_DEL,REG_DATE,MOD_DATE,DEL_DATE) values (3,'dog','취미 제목3','취미 이미지1','취미 소개1','취미 영상1',1000,1001,30,3,5,3,2,'N',to_timestamp('21/08/03 11:04:38.000000000','RR/MM/DD HH24:MI:SSXFF'),null,null);
Insert into TBL_HOBBY (HOBBY_NO,USER_ID,HOBBY_TITLE,MAIN_IMG,HOBBY_INTRO,HOBBY_VIDEO,L_CATE_NO,M_CATE_NO,TIME_NO,LEVEL_NO,COST_NO,VIEW_CNT,LIKE_CNT,IS_DEL,REG_DATE,MOD_DATE,DEL_DATE) values (4,'dog','취미 제목3','취미 이미지1','취미 소개1','취미 영상1',1000,1001,30,3,5,3,2,'N',to_timestamp('21/08/03 11:04:40.000000000','RR/MM/DD HH24:MI:SSXFF'),null,null);
Insert into TBL_HOBBY (HOBBY_NO,USER_ID,HOBBY_TITLE,MAIN_IMG,HOBBY_INTRO,HOBBY_VIDEO,L_CATE_NO,M_CATE_NO,TIME_NO,LEVEL_NO,COST_NO,VIEW_CNT,LIKE_CNT,IS_DEL,REG_DATE,MOD_DATE,DEL_DATE) values (5,'dog','취미 제목4','취미 이미지1','취미 소개1','취미 영상1',1000,1001,30,3,5,3,2,'N',to_timestamp('21/08/03 11:04:41.000000000','RR/MM/DD HH24:MI:SSXFF'),null,null);
REM INSERTING into TBL_HOBBY_CATE
SET DEFINE OFF;
Insert into TBL_HOBBY_CATE (CATE_NO,CATE_NAME,PARENT_CATE_NO,CATE_LEVEL) values (1000,'그림',null,1);
Insert into TBL_HOBBY_CATE (CATE_NO,CATE_NAME,PARENT_CATE_NO,CATE_LEVEL) values (2000,'공예',null,1);
Insert into TBL_HOBBY_CATE (CATE_NO,CATE_NAME,PARENT_CATE_NO,CATE_LEVEL) values (3000,'베이킹',null,1);
Insert into TBL_HOBBY_CATE (CATE_NO,CATE_NAME,PARENT_CATE_NO,CATE_LEVEL) values (4000,'운동',null,1);
Insert into TBL_HOBBY_CATE (CATE_NO,CATE_NAME,PARENT_CATE_NO,CATE_LEVEL) values (1001,'유화',1000,2);
Insert into TBL_HOBBY_CATE (CATE_NO,CATE_NAME,PARENT_CATE_NO,CATE_LEVEL) values (1002,'아크릴',1000,2);
Insert into TBL_HOBBY_CATE (CATE_NO,CATE_NAME,PARENT_CATE_NO,CATE_LEVEL) values (2001,'실 공예',2000,2);
Insert into TBL_HOBBY_CATE (CATE_NO,CATE_NAME,PARENT_CATE_NO,CATE_LEVEL) values (2002,'바늘 공예',2000,2);
Insert into TBL_HOBBY_CATE (CATE_NO,CATE_NAME,PARENT_CATE_NO,CATE_LEVEL) values (2003,'레진 공예',2000,2);
Insert into TBL_HOBBY_CATE (CATE_NO,CATE_NAME,PARENT_CATE_NO,CATE_LEVEL) values (2004,'미니어처',2000,2);
Insert into TBL_HOBBY_CATE (CATE_NO,CATE_NAME,PARENT_CATE_NO,CATE_LEVEL) values (2005,'비즈 공예',2000,2);
Insert into TBL_HOBBY_CATE (CATE_NO,CATE_NAME,PARENT_CATE_NO,CATE_LEVEL) values (3001,'케이크',3000,2);
Insert into TBL_HOBBY_CATE (CATE_NO,CATE_NAME,PARENT_CATE_NO,CATE_LEVEL) values (3002,'빵',3000,2);
Insert into TBL_HOBBY_CATE (CATE_NO,CATE_NAME,PARENT_CATE_NO,CATE_LEVEL) values (4001,'필라테스',4000,2);
Insert into TBL_HOBBY_CATE (CATE_NO,CATE_NAME,PARENT_CATE_NO,CATE_LEVEL) values (4002,'요가',4000,2);
Insert into TBL_HOBBY_CATE (CATE_NO,CATE_NAME,PARENT_CATE_NO,CATE_LEVEL) values (4003,'크로스핏',4000,2);
Insert into TBL_HOBBY_CATE (CATE_NO,CATE_NAME,PARENT_CATE_NO,CATE_LEVEL) values (0,'선택안함',0,0);
REM INSERTING into TBL_HOBBY_LIKE
SET DEFINE OFF;
REM INSERTING into TBL_HOBBY_MATERIAL
SET DEFINE OFF;
REM INSERTING into TBL_LEVEL_CATE
SET DEFINE OFF;
Insert into TBL_LEVEL_CATE (LEVEL_NO,LEVEL_NAME) values (1,'아무나');
Insert into TBL_LEVEL_CATE (LEVEL_NO,LEVEL_NAME) values (2,'초급');
Insert into TBL_LEVEL_CATE (LEVEL_NO,LEVEL_NAME) values (3,'중급');
Insert into TBL_LEVEL_CATE (LEVEL_NO,LEVEL_NAME) values (4,'고급');
Insert into TBL_LEVEL_CATE (LEVEL_NO,LEVEL_NAME) values (5,'신의 경지');
REM INSERTING into TBL_LOGIN_TIME
SET DEFINE OFF;
Insert into TBL_LOGIN_TIME (USER_ID,LOGIN_TIME) values ('dog',to_timestamp('21/07/20 12:26:01.000000000','RR/MM/DD HH24:MI:SSXFF'));
Insert into TBL_LOGIN_TIME (USER_ID,LOGIN_TIME) values ('dog',to_timestamp('21/07/20 12:32:56.000000000','RR/MM/DD HH24:MI:SSXFF'));
Insert into TBL_LOGIN_TIME (USER_ID,LOGIN_TIME) values ('dog',to_timestamp('21/07/20 12:40:12.000000000','RR/MM/DD HH24:MI:SSXFF'));
Insert into TBL_LOGIN_TIME (USER_ID,LOGIN_TIME) values ('dog',to_timestamp('21/07/28 18:51:43.000000000','RR/MM/DD HH24:MI:SSXFF'));
Insert into TBL_LOGIN_TIME (USER_ID,LOGIN_TIME) values ('dog',to_timestamp('21/07/28 18:51:54.000000000','RR/MM/DD HH24:MI:SSXFF'));
Insert into TBL_LOGIN_TIME (USER_ID,LOGIN_TIME) values ('cat',to_timestamp('21/07/28 18:55:35.000000000','RR/MM/DD HH24:MI:SSXFF'));
Insert into TBL_LOGIN_TIME (USER_ID,LOGIN_TIME) values ('cat',to_timestamp('21/08/03 17:25:29.000000000','RR/MM/DD HH24:MI:SSXFF'));
REM INSERTING into TBL_MAIN_EVENT
SET DEFINE OFF;
Insert into TBL_MAIN_EVENT (E_NO) values (26);
Insert into TBL_MAIN_EVENT (E_NO) values (27);
Insert into TBL_MAIN_EVENT (E_NO) values (28);
REM INSERTING into TBL_MAKE_STEP
SET DEFINE OFF;
REM INSERTING into TBL_MANAGER_MEMBER
SET DEFINE OFF;
Insert into TBL_MANAGER_MEMBER (M_NO,USER_ID,M_AUTORITY,M_NIK,M_REG_DATE,USER_NAME) values (1001,'penguin','manager','꼼지락',to_timestamp('21/07/20 12:23:47.000000000','RR/MM/DD HH24:MI:SSXFF'),'펭귄');
Insert into TBL_MANAGER_MEMBER (M_NO,USER_ID,M_AUTORITY,M_NIK,M_REG_DATE,USER_NAME) values (1020,'user6','manager','꼼지락',to_timestamp('21/07/28 14:42:05.000000000','RR/MM/DD HH24:MI:SSXFF'),'김육번');
Insert into TBL_MANAGER_MEMBER (M_NO,USER_ID,M_AUTORITY,M_NIK,M_REG_DATE,USER_NAME) values (1021,'user5','manager','꼼지락',to_timestamp('21/07/28 14:42:31.000000000','RR/MM/DD HH24:MI:SSXFF'),'김오번');
REM INSERTING into TBL_MATERIAL
SET DEFINE OFF;
REM INSERTING into TBL_MEMBERDETAIL
SET DEFINE OFF;
Insert into TBL_MEMBERDETAIL (USER_ID,USER_NICK,CATE_NO1,CATE_NO2,CATE_NO3,CATE_ETC,FOLLOWER_CNT,FOLLOWING_CNT,USER_IMG,USER_GRADE,REG_DATE) values ('dog','멍멍이',1001,2001,3001,'개발',1,0,null,4,to_timestamp('21/07/20 12:21:00.000000000','RR/MM/DD HH24:MI:SSXFF'));
Insert into TBL_MEMBERDETAIL (USER_ID,USER_NICK,CATE_NO1,CATE_NO2,CATE_NO3,CATE_ETC,FOLLOWER_CNT,FOLLOWING_CNT,USER_IMG,USER_GRADE,REG_DATE) values ('cat','냥',1002,2001,4001,null,1,0,null,1,to_timestamp('21/07/20 12:21:01.000000000','RR/MM/DD HH24:MI:SSXFF'));
Insert into TBL_MEMBERDETAIL (USER_ID,USER_NICK,CATE_NO1,CATE_NO2,CATE_NO3,CATE_ETC,FOLLOWER_CNT,FOLLOWING_CNT,USER_IMG,USER_GRADE,REG_DATE) values ('rabbit','rabbit',2004,3002,0,'당근 샐러드 만들기',1,0,null,3,to_timestamp('21/07/20 12:21:02.000000000','RR/MM/DD HH24:MI:SSXFF'));
Insert into TBL_MEMBERDETAIL (USER_ID,USER_NICK,CATE_NO1,CATE_NO2,CATE_NO3,CATE_ETC,FOLLOWER_CNT,FOLLOWING_CNT,USER_IMG,USER_GRADE,REG_DATE) values ('duck','러버덕',2005,0,0,null,0,3,null,3,to_timestamp('21/07/20 12:21:03.000000000','RR/MM/DD HH24:MI:SSXFF'));
Insert into TBL_MEMBERDETAIL (USER_ID,USER_NICK,CATE_NO1,CATE_NO2,CATE_NO3,CATE_ETC,FOLLOWER_CNT,FOLLOWING_CNT,USER_IMG,USER_GRADE,REG_DATE) values ('penguin','펭귄',3001,0,0,'남극탐험',0,0,null,4,to_timestamp('21/07/20 12:21:12.000000000','RR/MM/DD HH24:MI:SSXFF'));
Insert into TBL_MEMBERDETAIL (USER_ID,USER_NICK,CATE_NO1,CATE_NO2,CATE_NO3,CATE_ETC,FOLLOWER_CNT,FOLLOWING_CNT,USER_IMG,USER_GRADE,REG_DATE) values ('hong','홍',1001,2001,3001,'개발',0,0,null,1,to_timestamp('21/07/28 14:07:16.000000000','RR/MM/DD HH24:MI:SSXFF'));
Insert into TBL_MEMBERDETAIL (USER_ID,USER_NICK,CATE_NO1,CATE_NO2,CATE_NO3,CATE_ETC,FOLLOWER_CNT,FOLLOWING_CNT,USER_IMG,USER_GRADE,REG_DATE) values ('kim','김',1002,2002,3002,'요리',0,0,null,1,to_timestamp('21/07/28 14:07:57.000000000','RR/MM/DD HH24:MI:SSXFF'));
Insert into TBL_MEMBERDETAIL (USER_ID,USER_NICK,CATE_NO1,CATE_NO2,CATE_NO3,CATE_ETC,FOLLOWER_CNT,FOLLOWING_CNT,USER_IMG,USER_GRADE,REG_DATE) values ('lee','이',1002,2002,3002,'요리',0,0,null,3,to_timestamp('21/07/28 14:09:10.000000000','RR/MM/DD HH24:MI:SSXFF'));
Insert into TBL_MEMBERDETAIL (USER_ID,USER_NICK,CATE_NO1,CATE_NO2,CATE_NO3,CATE_ETC,FOLLOWER_CNT,FOLLOWING_CNT,USER_IMG,USER_GRADE,REG_DATE) values ('park','박',1001,2001,3001,'개발',0,0,null,4,to_timestamp('21/07/28 14:09:25.000000000','RR/MM/DD HH24:MI:SSXFF'));
Insert into TBL_MEMBERDETAIL (USER_ID,USER_NICK,CATE_NO1,CATE_NO2,CATE_NO3,CATE_ETC,FOLLOWER_CNT,FOLLOWING_CNT,USER_IMG,USER_GRADE,REG_DATE) values ('user1','1번',1002,2002,3002,'요리',0,0,null,4,to_timestamp('21/07/28 14:11:31.000000000','RR/MM/DD HH24:MI:SSXFF'));
Insert into TBL_MEMBERDETAIL (USER_ID,USER_NICK,CATE_NO1,CATE_NO2,CATE_NO3,CATE_ETC,FOLLOWER_CNT,FOLLOWING_CNT,USER_IMG,USER_GRADE,REG_DATE) values ('user2','2번',1002,2002,3002,'요리',0,0,null,2,to_timestamp('21/07/28 14:11:31.000000000','RR/MM/DD HH24:MI:SSXFF'));
Insert into TBL_MEMBERDETAIL (USER_ID,USER_NICK,CATE_NO1,CATE_NO2,CATE_NO3,CATE_ETC,FOLLOWER_CNT,FOLLOWING_CNT,USER_IMG,USER_GRADE,REG_DATE) values ('user3','3번',1002,2002,3002,'요리',0,0,null,3,to_timestamp('21/07/28 14:11:31.000000000','RR/MM/DD HH24:MI:SSXFF'));
Insert into TBL_MEMBERDETAIL (USER_ID,USER_NICK,CATE_NO1,CATE_NO2,CATE_NO3,CATE_ETC,FOLLOWER_CNT,FOLLOWING_CNT,USER_IMG,USER_GRADE,REG_DATE) values ('user4','4번',1002,2002,3002,'요리',0,0,null,4,to_timestamp('21/07/28 14:11:31.000000000','RR/MM/DD HH24:MI:SSXFF'));
Insert into TBL_MEMBERDETAIL (USER_ID,USER_NICK,CATE_NO1,CATE_NO2,CATE_NO3,CATE_ETC,FOLLOWER_CNT,FOLLOWING_CNT,USER_IMG,USER_GRADE,REG_DATE) values ('user5','5번',1002,2002,3002,'요리',0,0,null,1,to_timestamp('21/07/28 14:15:03.000000000','RR/MM/DD HH24:MI:SSXFF'));
Insert into TBL_MEMBERDETAIL (USER_ID,USER_NICK,CATE_NO1,CATE_NO2,CATE_NO3,CATE_ETC,FOLLOWER_CNT,FOLLOWING_CNT,USER_IMG,USER_GRADE,REG_DATE) values ('user6','6번',1002,2002,3002,'요리',0,0,null,2,to_timestamp('21/07/28 14:15:03.000000000','RR/MM/DD HH24:MI:SSXFF'));
Insert into TBL_MEMBERDETAIL (USER_ID,USER_NICK,CATE_NO1,CATE_NO2,CATE_NO3,CATE_ETC,FOLLOWER_CNT,FOLLOWING_CNT,USER_IMG,USER_GRADE,REG_DATE) values ('user7','7번',1002,2002,3002,'요리',0,0,null,3,to_timestamp('21/07/28 14:15:03.000000000','RR/MM/DD HH24:MI:SSXFF'));
Insert into TBL_MEMBERDETAIL (USER_ID,USER_NICK,CATE_NO1,CATE_NO2,CATE_NO3,CATE_ETC,FOLLOWER_CNT,FOLLOWING_CNT,USER_IMG,USER_GRADE,REG_DATE) values ('user8','8번',1002,2002,3002,'요리',0,0,null,4,to_timestamp('21/07/28 14:15:03.000000000','RR/MM/DD HH24:MI:SSXFF'));
Insert into TBL_MEMBERDETAIL (USER_ID,USER_NICK,CATE_NO1,CATE_NO2,CATE_NO3,CATE_ETC,FOLLOWER_CNT,FOLLOWING_CNT,USER_IMG,USER_GRADE,REG_DATE) values ('hamster','햄스토리',0,0,0,null,0,0,null,1,to_timestamp('21/08/04 10:50:55.000000000','RR/MM/DD HH24:MI:SSXFF'));
REM INSERTING into TBL_MEMBERGRADE
SET DEFINE OFF;
Insert into TBL_MEMBERGRADE (CD,NAME) values (1,'맨손');
Insert into TBL_MEMBERGRADE (CD,NAME) values (2,'곰손');
Insert into TBL_MEMBERGRADE (CD,NAME) values (3,'은손');
Insert into TBL_MEMBERGRADE (CD,NAME) values (4,'금손');
REM INSERTING into TBL_MEMBERINFO
SET DEFINE OFF;
Insert into TBL_MEMBERINFO (USER_ID,USER_PW,USER_NAME,USER_EMAIL,USER_TEL,REG_DATE,IS_DEL,DEL_DATE) values ('dog','12345','강아지','dog@email.com','000-0000-0000',to_timestamp('21/07/20 11:44:45.000000000','RR/MM/DD HH24:MI:SSXFF'),'N',null);
Insert into TBL_MEMBERINFO (USER_ID,USER_PW,USER_NAME,USER_EMAIL,USER_TEL,REG_DATE,IS_DEL,DEL_DATE) values ('cat','12345','고양이','cat@email.com','010-1234-5678',to_timestamp('21/07/20 11:44:45.000000000','RR/MM/DD HH24:MI:SSXFF'),'N',null);
Insert into TBL_MEMBERINFO (USER_ID,USER_PW,USER_NAME,USER_EMAIL,USER_TEL,REG_DATE,IS_DEL,DEL_DATE) values ('rabbit','12345','토끼','rabbite@email.com','010-2222-2222',to_timestamp('21/07/20 11:44:45.000000000','RR/MM/DD HH24:MI:SSXFF'),'N',null);
Insert into TBL_MEMBERINFO (USER_ID,USER_PW,USER_NAME,USER_EMAIL,USER_TEL,REG_DATE,IS_DEL,DEL_DATE) values ('duck','12345','오리','duck@email.com','010-3333-3334',to_timestamp('21/07/20 11:44:45.000000000','RR/MM/DD HH24:MI:SSXFF'),'N',null);
Insert into TBL_MEMBERINFO (USER_ID,USER_PW,USER_NAME,USER_EMAIL,USER_TEL,REG_DATE,IS_DEL,DEL_DATE) values ('penguin','12345','펭귄','penguin@email.com','000',to_timestamp('21/07/20 11:44:45.000000000','RR/MM/DD HH24:MI:SSXFF'),'N',null);
Insert into TBL_MEMBERINFO (USER_ID,USER_PW,USER_NAME,USER_EMAIL,USER_TEL,REG_DATE,IS_DEL,DEL_DATE) values ('hong','12345','홍길동','hong@email.com','010-1234-5678',to_timestamp('21/07/28 14:07:16.000000000','RR/MM/DD HH24:MI:SSXFF'),'N',null);
Insert into TBL_MEMBERINFO (USER_ID,USER_PW,USER_NAME,USER_EMAIL,USER_TEL,REG_DATE,IS_DEL,DEL_DATE) values ('kim','12345','김길동','kim@email.com','010-1234-5678',to_timestamp('21/07/28 14:07:57.000000000','RR/MM/DD HH24:MI:SSXFF'),'N',null);
Insert into TBL_MEMBERINFO (USER_ID,USER_PW,USER_NAME,USER_EMAIL,USER_TEL,REG_DATE,IS_DEL,DEL_DATE) values ('park','12345','박길동','park@email.com','010-1234-5678',to_timestamp('21/07/28 14:09:10.000000000','RR/MM/DD HH24:MI:SSXFF'),'N',to_timestamp('21/07/28 14:33:16.000000000','RR/MM/DD HH24:MI:SSXFF'));
Insert into TBL_MEMBERINFO (USER_ID,USER_PW,USER_NAME,USER_EMAIL,USER_TEL,REG_DATE,IS_DEL,DEL_DATE) values ('lee','12345','이길동','lee@email.com','010-1234-5678',to_timestamp('21/07/28 14:09:10.000000000','RR/MM/DD HH24:MI:SSXFF'),'N',to_timestamp('21/07/28 14:33:22.000000000','RR/MM/DD HH24:MI:SSXFF'));
Insert into TBL_MEMBERINFO (USER_ID,USER_PW,USER_NAME,USER_EMAIL,USER_TEL,REG_DATE,IS_DEL,DEL_DATE) values ('user1','12345','김일번','user1@email.com','010-1234-5678',to_timestamp('21/07/28 14:11:31.000000000','RR/MM/DD HH24:MI:SSXFF'),'N',to_timestamp('21/07/28 14:33:07.000000000','RR/MM/DD HH24:MI:SSXFF'));
Insert into TBL_MEMBERINFO (USER_ID,USER_PW,USER_NAME,USER_EMAIL,USER_TEL,REG_DATE,IS_DEL,DEL_DATE) values ('user2','12345','김이번','user2@email.com','010-1234-5678',to_timestamp('21/07/28 14:11:31.000000000','RR/MM/DD HH24:MI:SSXFF'),'N',to_timestamp('21/07/28 14:32:59.000000000','RR/MM/DD HH24:MI:SSXFF'));
Insert into TBL_MEMBERINFO (USER_ID,USER_PW,USER_NAME,USER_EMAIL,USER_TEL,REG_DATE,IS_DEL,DEL_DATE) values ('user3','12345','김삼번','user3@email.com','010-1234-5678',to_timestamp('21/07/28 14:11:31.000000000','RR/MM/DD HH24:MI:SSXFF'),'N',to_timestamp('21/07/28 14:32:53.000000000','RR/MM/DD HH24:MI:SSXFF'));
Insert into TBL_MEMBERINFO (USER_ID,USER_PW,USER_NAME,USER_EMAIL,USER_TEL,REG_DATE,IS_DEL,DEL_DATE) values ('user4','12345','김사번','user4@email.com','010-1234-5678',to_timestamp('21/07/28 14:11:31.000000000','RR/MM/DD HH24:MI:SSXFF'),'N',to_timestamp('21/07/28 14:28:34.000000000','RR/MM/DD HH24:MI:SSXFF'));
Insert into TBL_MEMBERINFO (USER_ID,USER_PW,USER_NAME,USER_EMAIL,USER_TEL,REG_DATE,IS_DEL,DEL_DATE) values ('user5','12345','김오번','user5@email.com','010-1234-5678',to_timestamp('21/07/28 14:15:03.000000000','RR/MM/DD HH24:MI:SSXFF'),'N',to_timestamp('21/07/28 14:32:07.000000000','RR/MM/DD HH24:MI:SSXFF'));
Insert into TBL_MEMBERINFO (USER_ID,USER_PW,USER_NAME,USER_EMAIL,USER_TEL,REG_DATE,IS_DEL,DEL_DATE) values ('user6','12345','김육번','user6@email.com','010-1234-5678',to_timestamp('21/07/28 14:15:03.000000000','RR/MM/DD HH24:MI:SSXFF'),'N',to_timestamp('21/07/28 14:32:14.000000000','RR/MM/DD HH24:MI:SSXFF'));
Insert into TBL_MEMBERINFO (USER_ID,USER_PW,USER_NAME,USER_EMAIL,USER_TEL,REG_DATE,IS_DEL,DEL_DATE) values ('user7','12345','김칠번','user7@email.com','010-1234-5678',to_timestamp('21/07/28 14:15:03.000000000','RR/MM/DD HH24:MI:SSXFF'),'Y',to_timestamp('21/07/28 14:32:21.000000000','RR/MM/DD HH24:MI:SSXFF'));
Insert into TBL_MEMBERINFO (USER_ID,USER_PW,USER_NAME,USER_EMAIL,USER_TEL,REG_DATE,IS_DEL,DEL_DATE) values ('user8','12345','김팔번','user8@email.com','010-1234-5678',to_timestamp('21/07/28 14:15:03.000000000','RR/MM/DD HH24:MI:SSXFF'),'Y',to_timestamp('21/07/28 14:32:46.000000000','RR/MM/DD HH24:MI:SSXFF'));
Insert into TBL_MEMBERINFO (USER_ID,USER_PW,USER_NAME,USER_EMAIL,USER_TEL,REG_DATE,IS_DEL,DEL_DATE) values ('hamster','12345','햄토리','hamster@email.com','010-2303-1788',to_timestamp('21/08/04 10:50:55.000000000','RR/MM/DD HH24:MI:SSXFF'),'N',null);
REM INSERTING into TBL_MEMBERSETUP
SET DEFINE OFF;
Insert into TBL_MEMBERSETUP (USER_ID,ONOFF,SETUP_SAVE_TIME) values ('dog','off',null);
Insert into TBL_MEMBERSETUP (USER_ID,ONOFF,SETUP_SAVE_TIME) values ('cat','off',null);
Insert into TBL_MEMBERSETUP (USER_ID,ONOFF,SETUP_SAVE_TIME) values ('rabbit','off',to_timestamp('21/07/30 17:43:27.000000000','RR/MM/DD HH24:MI:SSXFF'));
Insert into TBL_MEMBERSETUP (USER_ID,ONOFF,SETUP_SAVE_TIME) values ('duck','off',null);
Insert into TBL_MEMBERSETUP (USER_ID,ONOFF,SETUP_SAVE_TIME) values ('penguin','off',null);
Insert into TBL_MEMBERSETUP (USER_ID,ONOFF,SETUP_SAVE_TIME) values ('hamster','off',null);
REM INSERTING into TBL_MEMBER_ACTIV
SET DEFINE OFF;
Insert into TBL_MEMBER_ACTIV (USER_ID,CONTENT_CNT,COMMENT_CNT,ASK_CNT,LIKE_ALL_CNT) values ('dog',8,3,1,20);
Insert into TBL_MEMBER_ACTIV (USER_ID,CONTENT_CNT,COMMENT_CNT,ASK_CNT,LIKE_ALL_CNT) values ('cat',10,5,2,15);
REM INSERTING into TBL_QNA
SET DEFINE OFF;
Insert into TBL_QNA (QNA_NO,A_NO,QNA_TYPE,QNA_SORT_CD,TITLE,CONTENT,USER_ID,SAVE_TIME,UPDATE_TIME,IS_DEL,DELETE_TIME,INPUT_NAME,INPUT_TEL,INPUT_EMAIL,IS_EMAIL_RECEIVE) values (1,0,'Q','104','메인 화면에 배너 광고를 띄우고 싶어요!','♣♧클로버 플라워 샵♧♣ 홍보입니다. 대략적인 기간은 7월에서 8월 중 가능할까요!? 금액도 알려주세요~','rabbit',to_timestamp('21/07/30 10:34:34.000000000','RR/MM/DD HH24:MI:SSXFF'),null,'N',null,null,null,null,null);
Insert into TBL_QNA (QNA_NO,A_NO,QNA_TYPE,QNA_SORT_CD,TITLE,CONTENT,USER_ID,SAVE_TIME,UPDATE_TIME,IS_DEL,DELETE_TIME,INPUT_NAME,INPUT_TEL,INPUT_EMAIL,IS_EMAIL_RECEIVE) values (2,0,'Q','104','러버덕 푸딩 만들기 재료 공구 제안합니다.','재료, 틀, 도구, 포장지를 패키지로 판매 가능합니다. 검토해보시고 duckling@swanlake.com 메일로 답장 부탁드립니다.','duck',to_timestamp('21/07/30 10:34:37.000000000','RR/MM/DD HH24:MI:SSXFF'),null,'N',null,null,null,null,null);
Insert into TBL_QNA (QNA_NO,A_NO,QNA_TYPE,QNA_SORT_CD,TITLE,CONTENT,USER_ID,SAVE_TIME,UPDATE_TIME,IS_DEL,DELETE_TIME,INPUT_NAME,INPUT_TEL,INPUT_EMAIL,IS_EMAIL_RECEIVE) values (3,7,'Q','105','장기간 미접속으로 휴먼 상태입니다. 어떻게 하면 작업실을 다시 들어갈 수 있을까요?','남극에 다녀왔어요...','penguin',to_timestamp('21/07/30 10:34:40.000000000','RR/MM/DD HH24:MI:SSXFF'),null,'N',null,null,null,null,null);
Insert into TBL_QNA (QNA_NO,A_NO,QNA_TYPE,QNA_SORT_CD,TITLE,CONTENT,USER_ID,SAVE_TIME,UPDATE_TIME,IS_DEL,DELETE_TIME,INPUT_NAME,INPUT_TEL,INPUT_EMAIL,IS_EMAIL_RECEIVE) values (4,5,'Q','103','이클립스에서 톰캣 서버 실행이 안됩니다.','open project has encountered a problem. 
 The project description file (.project) for ''sample01'' is missing. This file coutains important infomation about the project.
 The project will not function properly until this file is restored.','cat',to_timestamp('21/07/30 10:34:42.000000000','RR/MM/DD HH24:MI:SSXFF'),null,'N',null,null,null,null,null);
Insert into TBL_QNA (QNA_NO,A_NO,QNA_TYPE,QNA_SORT_CD,TITLE,CONTENT,USER_ID,SAVE_TIME,UPDATE_TIME,IS_DEL,DELETE_TIME,INPUT_NAME,INPUT_TEL,INPUT_EMAIL,IS_EMAIL_RECEIVE) values (5,4,'A','103','답변: 이클립스에서 톰캣 서버 실행이 안됩니다.','여기서 이러시면 안됩니다.','admin',to_timestamp('21/07/30 10:34:46.000000000','RR/MM/DD HH24:MI:SSXFF'),null,'N',null,null,null,null,null);
Insert into TBL_QNA (QNA_NO,A_NO,QNA_TYPE,QNA_SORT_CD,TITLE,CONTENT,USER_ID,SAVE_TIME,UPDATE_TIME,IS_DEL,DELETE_TIME,INPUT_NAME,INPUT_TEL,INPUT_EMAIL,IS_EMAIL_RECEIVE) values (7,3,'A','105','답변: 장기간 미접속으로 휴먼 상태입니다. 어떻게 하면 작업실을 다시 들어갈 수 있을까요?','글쎄요...','dog',to_timestamp('21/07/30 15:42:19.000000000','RR/MM/DD HH24:MI:SSXFF'),null,'N',null,null,null,null,null);
REM INSERTING into TBL_QNASORT
SET DEFINE OFF;
Insert into TBL_QNASORT (QNA_SORT_CD,QNA_TYPE_NM) values ('101','사이트 이용 방법');
Insert into TBL_QNASORT (QNA_SORT_CD,QNA_TYPE_NM) values ('102','서비스 개선 의견');
Insert into TBL_QNASORT (QNA_SORT_CD,QNA_TYPE_NM) values ('103','시스템 오류 제보');
Insert into TBL_QNASORT (QNA_SORT_CD,QNA_TYPE_NM) values ('104','비지니스 문의');
Insert into TBL_QNASORT (QNA_SORT_CD,QNA_TYPE_NM) values ('105','회원 정보 문의');
Insert into TBL_QNASORT (QNA_SORT_CD,QNA_TYPE_NM) values ('106','기타');
REM INSERTING into TBL_STORY
SET DEFINE OFF;
Insert into TBL_STORY (ST_NO,USER_ID,ST_CONTENT,ST_IMG,REG_DATE,MOD_DATE,IS_DEL,ST_LIKE_COUNT,ST_C_COUNT,DEL_DATE) values (25,'cat','스토리 제목25',null,to_timestamp('21/07/28 17:25:49.000000000','RR/MM/DD HH24:MI:SSXFF'),null,'N',0,0,null);
Insert into TBL_STORY (ST_NO,USER_ID,ST_CONTENT,ST_IMG,REG_DATE,MOD_DATE,IS_DEL,ST_LIKE_COUNT,ST_C_COUNT,DEL_DATE) values (26,'cat','스토리 제목26',null,to_timestamp('21/07/28 17:25:49.000000000','RR/MM/DD HH24:MI:SSXFF'),null,'N',0,0,null);
Insert into TBL_STORY (ST_NO,USER_ID,ST_CONTENT,ST_IMG,REG_DATE,MOD_DATE,IS_DEL,ST_LIKE_COUNT,ST_C_COUNT,DEL_DATE) values (27,'cat','스토리 제목27',null,to_timestamp('21/07/28 17:25:49.000000000','RR/MM/DD HH24:MI:SSXFF'),null,'N',0,0,null);
Insert into TBL_STORY (ST_NO,USER_ID,ST_CONTENT,ST_IMG,REG_DATE,MOD_DATE,IS_DEL,ST_LIKE_COUNT,ST_C_COUNT,DEL_DATE) values (28,'cat','스토리 제목28',null,to_timestamp('21/07/28 17:25:49.000000000','RR/MM/DD HH24:MI:SSXFF'),null,'N',0,0,null);
Insert into TBL_STORY (ST_NO,USER_ID,ST_CONTENT,ST_IMG,REG_DATE,MOD_DATE,IS_DEL,ST_LIKE_COUNT,ST_C_COUNT,DEL_DATE) values (29,'cat','스토리 제목29',null,to_timestamp('21/07/28 17:25:49.000000000','RR/MM/DD HH24:MI:SSXFF'),null,'N',0,0,null);
Insert into TBL_STORY (ST_NO,USER_ID,ST_CONTENT,ST_IMG,REG_DATE,MOD_DATE,IS_DEL,ST_LIKE_COUNT,ST_C_COUNT,DEL_DATE) values (30,'cat','스토리 제목30',null,to_timestamp('21/07/28 17:25:49.000000000','RR/MM/DD HH24:MI:SSXFF'),null,'N',0,0,null);
Insert into TBL_STORY (ST_NO,USER_ID,ST_CONTENT,ST_IMG,REG_DATE,MOD_DATE,IS_DEL,ST_LIKE_COUNT,ST_C_COUNT,DEL_DATE) values (31,'cat','스토리 제목31',null,to_timestamp('21/07/28 17:25:49.000000000','RR/MM/DD HH24:MI:SSXFF'),null,'N',0,0,null);
Insert into TBL_STORY (ST_NO,USER_ID,ST_CONTENT,ST_IMG,REG_DATE,MOD_DATE,IS_DEL,ST_LIKE_COUNT,ST_C_COUNT,DEL_DATE) values (32,'cat','스토리 제목32',null,to_timestamp('21/07/28 17:25:49.000000000','RR/MM/DD HH24:MI:SSXFF'),null,'N',0,0,null);
Insert into TBL_STORY (ST_NO,USER_ID,ST_CONTENT,ST_IMG,REG_DATE,MOD_DATE,IS_DEL,ST_LIKE_COUNT,ST_C_COUNT,DEL_DATE) values (33,'cat','스토리 제목33',null,to_timestamp('21/07/28 17:25:49.000000000','RR/MM/DD HH24:MI:SSXFF'),null,'N',0,0,null);
Insert into TBL_STORY (ST_NO,USER_ID,ST_CONTENT,ST_IMG,REG_DATE,MOD_DATE,IS_DEL,ST_LIKE_COUNT,ST_C_COUNT,DEL_DATE) values (34,'cat','스토리 제목34',null,to_timestamp('21/07/28 17:25:49.000000000','RR/MM/DD HH24:MI:SSXFF'),null,'N',0,0,null);
Insert into TBL_STORY (ST_NO,USER_ID,ST_CONTENT,ST_IMG,REG_DATE,MOD_DATE,IS_DEL,ST_LIKE_COUNT,ST_C_COUNT,DEL_DATE) values (35,'cat','스토리 제목35',null,to_timestamp('21/07/28 17:25:49.000000000','RR/MM/DD HH24:MI:SSXFF'),null,'N',0,0,null);
Insert into TBL_STORY (ST_NO,USER_ID,ST_CONTENT,ST_IMG,REG_DATE,MOD_DATE,IS_DEL,ST_LIKE_COUNT,ST_C_COUNT,DEL_DATE) values (36,'cat','스토리 제목36',null,to_timestamp('21/07/28 17:25:49.000000000','RR/MM/DD HH24:MI:SSXFF'),null,'N',0,0,null);
Insert into TBL_STORY (ST_NO,USER_ID,ST_CONTENT,ST_IMG,REG_DATE,MOD_DATE,IS_DEL,ST_LIKE_COUNT,ST_C_COUNT,DEL_DATE) values (37,'cat','스토리 제목37',null,to_timestamp('21/07/28 17:25:49.000000000','RR/MM/DD HH24:MI:SSXFF'),null,'N',0,0,null);
Insert into TBL_STORY (ST_NO,USER_ID,ST_CONTENT,ST_IMG,REG_DATE,MOD_DATE,IS_DEL,ST_LIKE_COUNT,ST_C_COUNT,DEL_DATE) values (38,'cat','스토리 제목38',null,to_timestamp('21/07/28 17:25:49.000000000','RR/MM/DD HH24:MI:SSXFF'),null,'N',0,0,null);
Insert into TBL_STORY (ST_NO,USER_ID,ST_CONTENT,ST_IMG,REG_DATE,MOD_DATE,IS_DEL,ST_LIKE_COUNT,ST_C_COUNT,DEL_DATE) values (39,'cat','스토리 제목39',null,to_timestamp('21/07/28 17:25:49.000000000','RR/MM/DD HH24:MI:SSXFF'),null,'N',0,0,null);
Insert into TBL_STORY (ST_NO,USER_ID,ST_CONTENT,ST_IMG,REG_DATE,MOD_DATE,IS_DEL,ST_LIKE_COUNT,ST_C_COUNT,DEL_DATE) values (40,'cat','스토리 제목40',null,to_timestamp('21/07/28 17:25:49.000000000','RR/MM/DD HH24:MI:SSXFF'),null,'N',0,0,null);
Insert into TBL_STORY (ST_NO,USER_ID,ST_CONTENT,ST_IMG,REG_DATE,MOD_DATE,IS_DEL,ST_LIKE_COUNT,ST_C_COUNT,DEL_DATE) values (41,'cat','스토리 제목41',null,to_timestamp('21/07/28 17:25:49.000000000','RR/MM/DD HH24:MI:SSXFF'),null,'N',0,0,null);
Insert into TBL_STORY (ST_NO,USER_ID,ST_CONTENT,ST_IMG,REG_DATE,MOD_DATE,IS_DEL,ST_LIKE_COUNT,ST_C_COUNT,DEL_DATE) values (42,'cat','스토리 제목42',null,to_timestamp('21/07/28 17:25:49.000000000','RR/MM/DD HH24:MI:SSXFF'),null,'N',0,0,null);
Insert into TBL_STORY (ST_NO,USER_ID,ST_CONTENT,ST_IMG,REG_DATE,MOD_DATE,IS_DEL,ST_LIKE_COUNT,ST_C_COUNT,DEL_DATE) values (43,'cat','스토리 제목43',null,to_timestamp('21/07/28 17:25:49.000000000','RR/MM/DD HH24:MI:SSXFF'),null,'N',0,0,null);
Insert into TBL_STORY (ST_NO,USER_ID,ST_CONTENT,ST_IMG,REG_DATE,MOD_DATE,IS_DEL,ST_LIKE_COUNT,ST_C_COUNT,DEL_DATE) values (44,'cat','스토리 제목44',null,to_timestamp('21/07/28 17:25:49.000000000','RR/MM/DD HH24:MI:SSXFF'),null,'N',0,0,null);
Insert into TBL_STORY (ST_NO,USER_ID,ST_CONTENT,ST_IMG,REG_DATE,MOD_DATE,IS_DEL,ST_LIKE_COUNT,ST_C_COUNT,DEL_DATE) values (45,'cat','스토리 제목45',null,to_timestamp('21/07/28 17:25:49.000000000','RR/MM/DD HH24:MI:SSXFF'),null,'N',0,0,null);
Insert into TBL_STORY (ST_NO,USER_ID,ST_CONTENT,ST_IMG,REG_DATE,MOD_DATE,IS_DEL,ST_LIKE_COUNT,ST_C_COUNT,DEL_DATE) values (46,'cat','스토리 제목46',null,to_timestamp('21/07/28 17:25:49.000000000','RR/MM/DD HH24:MI:SSXFF'),null,'N',0,0,null);
Insert into TBL_STORY (ST_NO,USER_ID,ST_CONTENT,ST_IMG,REG_DATE,MOD_DATE,IS_DEL,ST_LIKE_COUNT,ST_C_COUNT,DEL_DATE) values (47,'cat','스토리 제목47',null,to_timestamp('21/07/28 17:25:49.000000000','RR/MM/DD HH24:MI:SSXFF'),null,'N',0,0,null);
Insert into TBL_STORY (ST_NO,USER_ID,ST_CONTENT,ST_IMG,REG_DATE,MOD_DATE,IS_DEL,ST_LIKE_COUNT,ST_C_COUNT,DEL_DATE) values (48,'cat','스토리 제목48',null,to_timestamp('21/07/28 17:25:49.000000000','RR/MM/DD HH24:MI:SSXFF'),null,'N',0,0,null);
Insert into TBL_STORY (ST_NO,USER_ID,ST_CONTENT,ST_IMG,REG_DATE,MOD_DATE,IS_DEL,ST_LIKE_COUNT,ST_C_COUNT,DEL_DATE) values (49,'cat','스토리 제목49',null,to_timestamp('21/07/28 17:25:49.000000000','RR/MM/DD HH24:MI:SSXFF'),null,'N',0,0,null);
Insert into TBL_STORY (ST_NO,USER_ID,ST_CONTENT,ST_IMG,REG_DATE,MOD_DATE,IS_DEL,ST_LIKE_COUNT,ST_C_COUNT,DEL_DATE) values (50,'cat','스토리 제목50',null,to_timestamp('21/07/28 17:25:49.000000000','RR/MM/DD HH24:MI:SSXFF'),null,'N',0,0,null);
Insert into TBL_STORY (ST_NO,USER_ID,ST_CONTENT,ST_IMG,REG_DATE,MOD_DATE,IS_DEL,ST_LIKE_COUNT,ST_C_COUNT,DEL_DATE) values (51,'cat','스토리 제목51',null,to_timestamp('21/07/28 17:25:49.000000000','RR/MM/DD HH24:MI:SSXFF'),null,'N',0,0,null);
Insert into TBL_STORY (ST_NO,USER_ID,ST_CONTENT,ST_IMG,REG_DATE,MOD_DATE,IS_DEL,ST_LIKE_COUNT,ST_C_COUNT,DEL_DATE) values (52,'cat','스토리 제목52',null,to_timestamp('21/07/28 17:25:49.000000000','RR/MM/DD HH24:MI:SSXFF'),null,'N',0,0,null);
Insert into TBL_STORY (ST_NO,USER_ID,ST_CONTENT,ST_IMG,REG_DATE,MOD_DATE,IS_DEL,ST_LIKE_COUNT,ST_C_COUNT,DEL_DATE) values (53,'cat','스토리 제목53',null,to_timestamp('21/07/28 17:25:49.000000000','RR/MM/DD HH24:MI:SSXFF'),null,'N',0,0,null);
Insert into TBL_STORY (ST_NO,USER_ID,ST_CONTENT,ST_IMG,REG_DATE,MOD_DATE,IS_DEL,ST_LIKE_COUNT,ST_C_COUNT,DEL_DATE) values (54,'cat','스토리 제목54',null,to_timestamp('21/07/28 17:25:49.000000000','RR/MM/DD HH24:MI:SSXFF'),null,'N',0,0,null);
Insert into TBL_STORY (ST_NO,USER_ID,ST_CONTENT,ST_IMG,REG_DATE,MOD_DATE,IS_DEL,ST_LIKE_COUNT,ST_C_COUNT,DEL_DATE) values (55,'cat','스토리 제목55',null,to_timestamp('21/07/28 17:25:49.000000000','RR/MM/DD HH24:MI:SSXFF'),null,'N',0,0,null);
Insert into TBL_STORY (ST_NO,USER_ID,ST_CONTENT,ST_IMG,REG_DATE,MOD_DATE,IS_DEL,ST_LIKE_COUNT,ST_C_COUNT,DEL_DATE) values (56,'cat','스토리 제목56',null,to_timestamp('21/07/28 17:25:49.000000000','RR/MM/DD HH24:MI:SSXFF'),null,'N',0,0,null);
Insert into TBL_STORY (ST_NO,USER_ID,ST_CONTENT,ST_IMG,REG_DATE,MOD_DATE,IS_DEL,ST_LIKE_COUNT,ST_C_COUNT,DEL_DATE) values (57,'cat','스토리 제목57',null,to_timestamp('21/07/28 17:25:49.000000000','RR/MM/DD HH24:MI:SSXFF'),null,'N',0,0,null);
Insert into TBL_STORY (ST_NO,USER_ID,ST_CONTENT,ST_IMG,REG_DATE,MOD_DATE,IS_DEL,ST_LIKE_COUNT,ST_C_COUNT,DEL_DATE) values (58,'cat','스토리 제목58',null,to_timestamp('21/07/28 17:25:49.000000000','RR/MM/DD HH24:MI:SSXFF'),null,'N',0,0,null);
Insert into TBL_STORY (ST_NO,USER_ID,ST_CONTENT,ST_IMG,REG_DATE,MOD_DATE,IS_DEL,ST_LIKE_COUNT,ST_C_COUNT,DEL_DATE) values (59,'cat','스토리 제목59',null,to_timestamp('21/07/28 17:25:49.000000000','RR/MM/DD HH24:MI:SSXFF'),null,'N',0,0,null);
Insert into TBL_STORY (ST_NO,USER_ID,ST_CONTENT,ST_IMG,REG_DATE,MOD_DATE,IS_DEL,ST_LIKE_COUNT,ST_C_COUNT,DEL_DATE) values (60,'cat','스토리 제목60',null,to_timestamp('21/07/28 17:25:49.000000000','RR/MM/DD HH24:MI:SSXFF'),null,'N',0,0,null);
Insert into TBL_STORY (ST_NO,USER_ID,ST_CONTENT,ST_IMG,REG_DATE,MOD_DATE,IS_DEL,ST_LIKE_COUNT,ST_C_COUNT,DEL_DATE) values (61,'cat','스토리 제목61',null,to_timestamp('21/07/28 17:25:49.000000000','RR/MM/DD HH24:MI:SSXFF'),null,'N',0,0,null);
Insert into TBL_STORY (ST_NO,USER_ID,ST_CONTENT,ST_IMG,REG_DATE,MOD_DATE,IS_DEL,ST_LIKE_COUNT,ST_C_COUNT,DEL_DATE) values (62,'cat','스토리 제목62',null,to_timestamp('21/07/28 17:25:49.000000000','RR/MM/DD HH24:MI:SSXFF'),null,'N',0,0,null);
Insert into TBL_STORY (ST_NO,USER_ID,ST_CONTENT,ST_IMG,REG_DATE,MOD_DATE,IS_DEL,ST_LIKE_COUNT,ST_C_COUNT,DEL_DATE) values (63,'cat','스토리 제목63',null,to_timestamp('21/07/28 17:25:49.000000000','RR/MM/DD HH24:MI:SSXFF'),null,'N',0,0,null);
Insert into TBL_STORY (ST_NO,USER_ID,ST_CONTENT,ST_IMG,REG_DATE,MOD_DATE,IS_DEL,ST_LIKE_COUNT,ST_C_COUNT,DEL_DATE) values (64,'cat','스토리 제목64',null,to_timestamp('21/07/28 17:25:49.000000000','RR/MM/DD HH24:MI:SSXFF'),null,'N',0,0,null);
Insert into TBL_STORY (ST_NO,USER_ID,ST_CONTENT,ST_IMG,REG_DATE,MOD_DATE,IS_DEL,ST_LIKE_COUNT,ST_C_COUNT,DEL_DATE) values (65,'cat','스토리 제목65',null,to_timestamp('21/07/28 17:25:49.000000000','RR/MM/DD HH24:MI:SSXFF'),null,'N',0,0,null);
Insert into TBL_STORY (ST_NO,USER_ID,ST_CONTENT,ST_IMG,REG_DATE,MOD_DATE,IS_DEL,ST_LIKE_COUNT,ST_C_COUNT,DEL_DATE) values (66,'cat','스토리 제목66',null,to_timestamp('21/07/28 17:25:49.000000000','RR/MM/DD HH24:MI:SSXFF'),null,'N',0,0,null);
Insert into TBL_STORY (ST_NO,USER_ID,ST_CONTENT,ST_IMG,REG_DATE,MOD_DATE,IS_DEL,ST_LIKE_COUNT,ST_C_COUNT,DEL_DATE) values (67,'cat','스토리 제목67',null,to_timestamp('21/07/28 17:25:49.000000000','RR/MM/DD HH24:MI:SSXFF'),null,'N',0,0,null);
Insert into TBL_STORY (ST_NO,USER_ID,ST_CONTENT,ST_IMG,REG_DATE,MOD_DATE,IS_DEL,ST_LIKE_COUNT,ST_C_COUNT,DEL_DATE) values (68,'cat','스토리 제목68',null,to_timestamp('21/07/28 17:25:49.000000000','RR/MM/DD HH24:MI:SSXFF'),null,'N',0,0,null);
Insert into TBL_STORY (ST_NO,USER_ID,ST_CONTENT,ST_IMG,REG_DATE,MOD_DATE,IS_DEL,ST_LIKE_COUNT,ST_C_COUNT,DEL_DATE) values (69,'cat','스토리 제목69',null,to_timestamp('21/07/28 17:25:49.000000000','RR/MM/DD HH24:MI:SSXFF'),null,'N',0,0,null);
Insert into TBL_STORY (ST_NO,USER_ID,ST_CONTENT,ST_IMG,REG_DATE,MOD_DATE,IS_DEL,ST_LIKE_COUNT,ST_C_COUNT,DEL_DATE) values (70,'cat','스토리 제목70',null,to_timestamp('21/07/28 17:25:49.000000000','RR/MM/DD HH24:MI:SSXFF'),null,'N',0,0,null);
Insert into TBL_STORY (ST_NO,USER_ID,ST_CONTENT,ST_IMG,REG_DATE,MOD_DATE,IS_DEL,ST_LIKE_COUNT,ST_C_COUNT,DEL_DATE) values (71,'cat','스토리 제목71',null,to_timestamp('21/07/28 17:25:49.000000000','RR/MM/DD HH24:MI:SSXFF'),null,'N',0,0,null);
Insert into TBL_STORY (ST_NO,USER_ID,ST_CONTENT,ST_IMG,REG_DATE,MOD_DATE,IS_DEL,ST_LIKE_COUNT,ST_C_COUNT,DEL_DATE) values (72,'cat','스토리 제목72',null,to_timestamp('21/07/28 17:25:49.000000000','RR/MM/DD HH24:MI:SSXFF'),null,'N',0,0,null);
Insert into TBL_STORY (ST_NO,USER_ID,ST_CONTENT,ST_IMG,REG_DATE,MOD_DATE,IS_DEL,ST_LIKE_COUNT,ST_C_COUNT,DEL_DATE) values (73,'cat','스토리 제목73',null,to_timestamp('21/07/28 17:25:49.000000000','RR/MM/DD HH24:MI:SSXFF'),null,'N',0,0,null);
Insert into TBL_STORY (ST_NO,USER_ID,ST_CONTENT,ST_IMG,REG_DATE,MOD_DATE,IS_DEL,ST_LIKE_COUNT,ST_C_COUNT,DEL_DATE) values (74,'cat','스토리 제목74',null,to_timestamp('21/07/28 17:25:49.000000000','RR/MM/DD HH24:MI:SSXFF'),null,'N',0,0,null);
Insert into TBL_STORY (ST_NO,USER_ID,ST_CONTENT,ST_IMG,REG_DATE,MOD_DATE,IS_DEL,ST_LIKE_COUNT,ST_C_COUNT,DEL_DATE) values (75,'cat','스토리 제목75',null,to_timestamp('21/07/28 17:25:49.000000000','RR/MM/DD HH24:MI:SSXFF'),null,'N',0,0,null);
Insert into TBL_STORY (ST_NO,USER_ID,ST_CONTENT,ST_IMG,REG_DATE,MOD_DATE,IS_DEL,ST_LIKE_COUNT,ST_C_COUNT,DEL_DATE) values (76,'cat','스토리 제목76',null,to_timestamp('21/07/28 17:25:49.000000000','RR/MM/DD HH24:MI:SSXFF'),null,'N',0,0,null);
Insert into TBL_STORY (ST_NO,USER_ID,ST_CONTENT,ST_IMG,REG_DATE,MOD_DATE,IS_DEL,ST_LIKE_COUNT,ST_C_COUNT,DEL_DATE) values (77,'cat','스토리 제목77',null,to_timestamp('21/07/28 17:25:49.000000000','RR/MM/DD HH24:MI:SSXFF'),null,'N',0,0,null);
Insert into TBL_STORY (ST_NO,USER_ID,ST_CONTENT,ST_IMG,REG_DATE,MOD_DATE,IS_DEL,ST_LIKE_COUNT,ST_C_COUNT,DEL_DATE) values (78,'cat','스토리 제목78',null,to_timestamp('21/07/28 17:25:49.000000000','RR/MM/DD HH24:MI:SSXFF'),null,'N',0,0,null);
Insert into TBL_STORY (ST_NO,USER_ID,ST_CONTENT,ST_IMG,REG_DATE,MOD_DATE,IS_DEL,ST_LIKE_COUNT,ST_C_COUNT,DEL_DATE) values (79,'cat','스토리 제목79',null,to_timestamp('21/07/28 17:25:49.000000000','RR/MM/DD HH24:MI:SSXFF'),null,'N',0,0,null);
Insert into TBL_STORY (ST_NO,USER_ID,ST_CONTENT,ST_IMG,REG_DATE,MOD_DATE,IS_DEL,ST_LIKE_COUNT,ST_C_COUNT,DEL_DATE) values (80,'cat','스토리 제목80',null,to_timestamp('21/07/28 17:25:49.000000000','RR/MM/DD HH24:MI:SSXFF'),null,'N',0,0,null);
Insert into TBL_STORY (ST_NO,USER_ID,ST_CONTENT,ST_IMG,REG_DATE,MOD_DATE,IS_DEL,ST_LIKE_COUNT,ST_C_COUNT,DEL_DATE) values (81,'cat','스토리 제목81',null,to_timestamp('21/07/28 17:25:49.000000000','RR/MM/DD HH24:MI:SSXFF'),null,'N',0,0,null);
Insert into TBL_STORY (ST_NO,USER_ID,ST_CONTENT,ST_IMG,REG_DATE,MOD_DATE,IS_DEL,ST_LIKE_COUNT,ST_C_COUNT,DEL_DATE) values (82,'cat','스토리 제목82',null,to_timestamp('21/07/28 17:25:49.000000000','RR/MM/DD HH24:MI:SSXFF'),null,'N',0,0,null);
Insert into TBL_STORY (ST_NO,USER_ID,ST_CONTENT,ST_IMG,REG_DATE,MOD_DATE,IS_DEL,ST_LIKE_COUNT,ST_C_COUNT,DEL_DATE) values (83,'cat','스토리 제목83',null,to_timestamp('21/07/28 17:25:49.000000000','RR/MM/DD HH24:MI:SSXFF'),null,'N',0,0,null);
Insert into TBL_STORY (ST_NO,USER_ID,ST_CONTENT,ST_IMG,REG_DATE,MOD_DATE,IS_DEL,ST_LIKE_COUNT,ST_C_COUNT,DEL_DATE) values (84,'cat','스토리 제목84',null,to_timestamp('21/07/28 17:25:49.000000000','RR/MM/DD HH24:MI:SSXFF'),null,'N',0,0,null);
Insert into TBL_STORY (ST_NO,USER_ID,ST_CONTENT,ST_IMG,REG_DATE,MOD_DATE,IS_DEL,ST_LIKE_COUNT,ST_C_COUNT,DEL_DATE) values (85,'cat','스토리 제목85',null,to_timestamp('21/07/28 17:25:49.000000000','RR/MM/DD HH24:MI:SSXFF'),null,'N',0,0,null);
Insert into TBL_STORY (ST_NO,USER_ID,ST_CONTENT,ST_IMG,REG_DATE,MOD_DATE,IS_DEL,ST_LIKE_COUNT,ST_C_COUNT,DEL_DATE) values (86,'cat','스토리 제목86',null,to_timestamp('21/07/28 17:25:49.000000000','RR/MM/DD HH24:MI:SSXFF'),null,'N',0,0,null);
Insert into TBL_STORY (ST_NO,USER_ID,ST_CONTENT,ST_IMG,REG_DATE,MOD_DATE,IS_DEL,ST_LIKE_COUNT,ST_C_COUNT,DEL_DATE) values (87,'cat','스토리 제목87',null,to_timestamp('21/07/28 17:25:49.000000000','RR/MM/DD HH24:MI:SSXFF'),null,'N',0,0,null);
Insert into TBL_STORY (ST_NO,USER_ID,ST_CONTENT,ST_IMG,REG_DATE,MOD_DATE,IS_DEL,ST_LIKE_COUNT,ST_C_COUNT,DEL_DATE) values (88,'cat','스토리 제목88',null,to_timestamp('21/07/28 17:25:49.000000000','RR/MM/DD HH24:MI:SSXFF'),null,'N',0,0,null);
Insert into TBL_STORY (ST_NO,USER_ID,ST_CONTENT,ST_IMG,REG_DATE,MOD_DATE,IS_DEL,ST_LIKE_COUNT,ST_C_COUNT,DEL_DATE) values (89,'cat','스토리 제목89',null,to_timestamp('21/07/28 17:25:49.000000000','RR/MM/DD HH24:MI:SSXFF'),null,'N',0,0,null);
Insert into TBL_STORY (ST_NO,USER_ID,ST_CONTENT,ST_IMG,REG_DATE,MOD_DATE,IS_DEL,ST_LIKE_COUNT,ST_C_COUNT,DEL_DATE) values (90,'cat','스토리 제목90',null,to_timestamp('21/07/28 17:25:49.000000000','RR/MM/DD HH24:MI:SSXFF'),null,'N',0,0,null);
Insert into TBL_STORY (ST_NO,USER_ID,ST_CONTENT,ST_IMG,REG_DATE,MOD_DATE,IS_DEL,ST_LIKE_COUNT,ST_C_COUNT,DEL_DATE) values (91,'cat','스토리 제목91',null,to_timestamp('21/07/28 17:25:49.000000000','RR/MM/DD HH24:MI:SSXFF'),null,'N',0,0,null);
Insert into TBL_STORY (ST_NO,USER_ID,ST_CONTENT,ST_IMG,REG_DATE,MOD_DATE,IS_DEL,ST_LIKE_COUNT,ST_C_COUNT,DEL_DATE) values (92,'cat','스토리 제목92',null,to_timestamp('21/07/28 17:25:49.000000000','RR/MM/DD HH24:MI:SSXFF'),null,'N',0,0,null);
Insert into TBL_STORY (ST_NO,USER_ID,ST_CONTENT,ST_IMG,REG_DATE,MOD_DATE,IS_DEL,ST_LIKE_COUNT,ST_C_COUNT,DEL_DATE) values (93,'cat','스토리 제목93',null,to_timestamp('21/07/28 17:25:49.000000000','RR/MM/DD HH24:MI:SSXFF'),null,'N',0,0,null);
Insert into TBL_STORY (ST_NO,USER_ID,ST_CONTENT,ST_IMG,REG_DATE,MOD_DATE,IS_DEL,ST_LIKE_COUNT,ST_C_COUNT,DEL_DATE) values (94,'cat','스토리 제목94',null,to_timestamp('21/07/28 17:25:49.000000000','RR/MM/DD HH24:MI:SSXFF'),null,'N',0,0,null);
Insert into TBL_STORY (ST_NO,USER_ID,ST_CONTENT,ST_IMG,REG_DATE,MOD_DATE,IS_DEL,ST_LIKE_COUNT,ST_C_COUNT,DEL_DATE) values (95,'cat','스토리 제목95',null,to_timestamp('21/07/28 17:25:49.000000000','RR/MM/DD HH24:MI:SSXFF'),null,'N',0,0,null);
Insert into TBL_STORY (ST_NO,USER_ID,ST_CONTENT,ST_IMG,REG_DATE,MOD_DATE,IS_DEL,ST_LIKE_COUNT,ST_C_COUNT,DEL_DATE) values (96,'cat','스토리 제목96',null,to_timestamp('21/07/28 17:25:49.000000000','RR/MM/DD HH24:MI:SSXFF'),null,'N',0,0,null);
Insert into TBL_STORY (ST_NO,USER_ID,ST_CONTENT,ST_IMG,REG_DATE,MOD_DATE,IS_DEL,ST_LIKE_COUNT,ST_C_COUNT,DEL_DATE) values (97,'cat','스토리 제목97',null,to_timestamp('21/07/28 17:25:49.000000000','RR/MM/DD HH24:MI:SSXFF'),null,'N',0,0,null);
Insert into TBL_STORY (ST_NO,USER_ID,ST_CONTENT,ST_IMG,REG_DATE,MOD_DATE,IS_DEL,ST_LIKE_COUNT,ST_C_COUNT,DEL_DATE) values (98,'cat','스토리 제목98',null,to_timestamp('21/07/28 17:25:49.000000000','RR/MM/DD HH24:MI:SSXFF'),null,'N',0,0,null);
Insert into TBL_STORY (ST_NO,USER_ID,ST_CONTENT,ST_IMG,REG_DATE,MOD_DATE,IS_DEL,ST_LIKE_COUNT,ST_C_COUNT,DEL_DATE) values (99,'cat','스토리 제목99',null,to_timestamp('21/07/28 17:25:49.000000000','RR/MM/DD HH24:MI:SSXFF'),null,'N',0,0,null);
Insert into TBL_STORY (ST_NO,USER_ID,ST_CONTENT,ST_IMG,REG_DATE,MOD_DATE,IS_DEL,ST_LIKE_COUNT,ST_C_COUNT,DEL_DATE) values (100,'cat','스토리 제목100',null,to_timestamp('21/07/28 17:25:49.000000000','RR/MM/DD HH24:MI:SSXFF'),null,'N',0,0,null);
Insert into TBL_STORY (ST_NO,USER_ID,ST_CONTENT,ST_IMG,REG_DATE,MOD_DATE,IS_DEL,ST_LIKE_COUNT,ST_C_COUNT,DEL_DATE) values (101,'cat','스토리 제목101',null,to_timestamp('21/07/28 17:25:49.000000000','RR/MM/DD HH24:MI:SSXFF'),null,'N',0,0,null);
Insert into TBL_STORY (ST_NO,USER_ID,ST_CONTENT,ST_IMG,REG_DATE,MOD_DATE,IS_DEL,ST_LIKE_COUNT,ST_C_COUNT,DEL_DATE) values (102,'cat','스토리 제목102',null,to_timestamp('21/07/28 17:25:49.000000000','RR/MM/DD HH24:MI:SSXFF'),null,'N',0,0,null);
Insert into TBL_STORY (ST_NO,USER_ID,ST_CONTENT,ST_IMG,REG_DATE,MOD_DATE,IS_DEL,ST_LIKE_COUNT,ST_C_COUNT,DEL_DATE) values (103,'cat','스토리 제목103',null,to_timestamp('21/07/28 17:25:49.000000000','RR/MM/DD HH24:MI:SSXFF'),null,'N',0,0,null);
Insert into TBL_STORY (ST_NO,USER_ID,ST_CONTENT,ST_IMG,REG_DATE,MOD_DATE,IS_DEL,ST_LIKE_COUNT,ST_C_COUNT,DEL_DATE) values (104,'cat','스토리 제목104',null,to_timestamp('21/07/28 17:25:49.000000000','RR/MM/DD HH24:MI:SSXFF'),null,'N',0,0,null);
Insert into TBL_STORY (ST_NO,USER_ID,ST_CONTENT,ST_IMG,REG_DATE,MOD_DATE,IS_DEL,ST_LIKE_COUNT,ST_C_COUNT,DEL_DATE) values (105,'cat','스토리 제목105',null,to_timestamp('21/07/28 17:25:49.000000000','RR/MM/DD HH24:MI:SSXFF'),null,'N',0,0,null);
Insert into TBL_STORY (ST_NO,USER_ID,ST_CONTENT,ST_IMG,REG_DATE,MOD_DATE,IS_DEL,ST_LIKE_COUNT,ST_C_COUNT,DEL_DATE) values (106,'cat','스토리 제목106',null,to_timestamp('21/07/28 17:25:49.000000000','RR/MM/DD HH24:MI:SSXFF'),null,'N',0,0,null);
Insert into TBL_STORY (ST_NO,USER_ID,ST_CONTENT,ST_IMG,REG_DATE,MOD_DATE,IS_DEL,ST_LIKE_COUNT,ST_C_COUNT,DEL_DATE) values (107,'cat','스토리 제목107',null,to_timestamp('21/07/28 17:25:49.000000000','RR/MM/DD HH24:MI:SSXFF'),null,'N',0,0,null);
Insert into TBL_STORY (ST_NO,USER_ID,ST_CONTENT,ST_IMG,REG_DATE,MOD_DATE,IS_DEL,ST_LIKE_COUNT,ST_C_COUNT,DEL_DATE) values (108,'cat','스토리 제목108',null,to_timestamp('21/07/28 17:25:49.000000000','RR/MM/DD HH24:MI:SSXFF'),null,'N',0,0,null);
Insert into TBL_STORY (ST_NO,USER_ID,ST_CONTENT,ST_IMG,REG_DATE,MOD_DATE,IS_DEL,ST_LIKE_COUNT,ST_C_COUNT,DEL_DATE) values (109,'cat','스토리 제목109',null,to_timestamp('21/07/28 17:25:49.000000000','RR/MM/DD HH24:MI:SSXFF'),null,'N',0,0,null);
Insert into TBL_STORY (ST_NO,USER_ID,ST_CONTENT,ST_IMG,REG_DATE,MOD_DATE,IS_DEL,ST_LIKE_COUNT,ST_C_COUNT,DEL_DATE) values (110,'cat','스토리 제목110',null,to_timestamp('21/07/28 17:25:49.000000000','RR/MM/DD HH24:MI:SSXFF'),null,'N',1,3,null);
Insert into TBL_STORY (ST_NO,USER_ID,ST_CONTENT,ST_IMG,REG_DATE,MOD_DATE,IS_DEL,ST_LIKE_COUNT,ST_C_COUNT,DEL_DATE) values (111,'dog','스토리 제목1',null,to_timestamp('21/07/30 09:13:35.000000000','RR/MM/DD HH24:MI:SSXFF'),null,'N',0,0,null);
Insert into TBL_STORY (ST_NO,USER_ID,ST_CONTENT,ST_IMG,REG_DATE,MOD_DATE,IS_DEL,ST_LIKE_COUNT,ST_C_COUNT,DEL_DATE) values (112,'dog','스토리 제목2',null,to_timestamp('21/07/30 09:13:35.000000000','RR/MM/DD HH24:MI:SSXFF'),null,'N',0,0,null);
Insert into TBL_STORY (ST_NO,USER_ID,ST_CONTENT,ST_IMG,REG_DATE,MOD_DATE,IS_DEL,ST_LIKE_COUNT,ST_C_COUNT,DEL_DATE) values (113,'dog','스토리 제목3',null,to_timestamp('21/07/30 09:13:35.000000000','RR/MM/DD HH24:MI:SSXFF'),null,'N',0,0,null);
Insert into TBL_STORY (ST_NO,USER_ID,ST_CONTENT,ST_IMG,REG_DATE,MOD_DATE,IS_DEL,ST_LIKE_COUNT,ST_C_COUNT,DEL_DATE) values (114,'dog','스토리 제목4',null,to_timestamp('21/07/30 09:13:35.000000000','RR/MM/DD HH24:MI:SSXFF'),null,'N',0,0,null);
Insert into TBL_STORY (ST_NO,USER_ID,ST_CONTENT,ST_IMG,REG_DATE,MOD_DATE,IS_DEL,ST_LIKE_COUNT,ST_C_COUNT,DEL_DATE) values (115,'dog','스토리 제목5',null,to_timestamp('21/07/30 09:13:35.000000000','RR/MM/DD HH24:MI:SSXFF'),null,'N',0,0,null);
Insert into TBL_STORY (ST_NO,USER_ID,ST_CONTENT,ST_IMG,REG_DATE,MOD_DATE,IS_DEL,ST_LIKE_COUNT,ST_C_COUNT,DEL_DATE) values (116,'dog','스토리 제목6',null,to_timestamp('21/07/30 09:13:35.000000000','RR/MM/DD HH24:MI:SSXFF'),null,'N',0,0,null);
Insert into TBL_STORY (ST_NO,USER_ID,ST_CONTENT,ST_IMG,REG_DATE,MOD_DATE,IS_DEL,ST_LIKE_COUNT,ST_C_COUNT,DEL_DATE) values (117,'dog','스토리 제목7',null,to_timestamp('21/07/30 09:13:35.000000000','RR/MM/DD HH24:MI:SSXFF'),null,'N',0,0,null);
Insert into TBL_STORY (ST_NO,USER_ID,ST_CONTENT,ST_IMG,REG_DATE,MOD_DATE,IS_DEL,ST_LIKE_COUNT,ST_C_COUNT,DEL_DATE) values (118,'dog','스토리 제목8',null,to_timestamp('21/07/30 09:13:35.000000000','RR/MM/DD HH24:MI:SSXFF'),null,'N',0,0,null);
Insert into TBL_STORY (ST_NO,USER_ID,ST_CONTENT,ST_IMG,REG_DATE,MOD_DATE,IS_DEL,ST_LIKE_COUNT,ST_C_COUNT,DEL_DATE) values (119,'dog','스토리 제목9',null,to_timestamp('21/07/30 09:13:35.000000000','RR/MM/DD HH24:MI:SSXFF'),null,'N',0,0,null);
Insert into TBL_STORY (ST_NO,USER_ID,ST_CONTENT,ST_IMG,REG_DATE,MOD_DATE,IS_DEL,ST_LIKE_COUNT,ST_C_COUNT,DEL_DATE) values (120,'dog','스토리 제목10',null,to_timestamp('21/07/30 09:13:35.000000000','RR/MM/DD HH24:MI:SSXFF'),null,'N',1,1,null);
Insert into TBL_STORY (ST_NO,USER_ID,ST_CONTENT,ST_IMG,REG_DATE,MOD_DATE,IS_DEL,ST_LIKE_COUNT,ST_C_COUNT,DEL_DATE) values (121,'rabbit','스토리 제목1',null,to_timestamp('21/07/30 09:13:40.000000000','RR/MM/DD HH24:MI:SSXFF'),null,'N',0,0,null);
Insert into TBL_STORY (ST_NO,USER_ID,ST_CONTENT,ST_IMG,REG_DATE,MOD_DATE,IS_DEL,ST_LIKE_COUNT,ST_C_COUNT,DEL_DATE) values (122,'rabbit','스토리 제목2',null,to_timestamp('21/07/30 09:13:40.000000000','RR/MM/DD HH24:MI:SSXFF'),null,'N',0,0,null);
Insert into TBL_STORY (ST_NO,USER_ID,ST_CONTENT,ST_IMG,REG_DATE,MOD_DATE,IS_DEL,ST_LIKE_COUNT,ST_C_COUNT,DEL_DATE) values (123,'rabbit','스토리 제목3',null,to_timestamp('21/07/30 09:13:40.000000000','RR/MM/DD HH24:MI:SSXFF'),null,'N',0,0,null);
Insert into TBL_STORY (ST_NO,USER_ID,ST_CONTENT,ST_IMG,REG_DATE,MOD_DATE,IS_DEL,ST_LIKE_COUNT,ST_C_COUNT,DEL_DATE) values (124,'rabbit','스토리 제목4',null,to_timestamp('21/07/30 09:13:40.000000000','RR/MM/DD HH24:MI:SSXFF'),null,'N',0,0,null);
Insert into TBL_STORY (ST_NO,USER_ID,ST_CONTENT,ST_IMG,REG_DATE,MOD_DATE,IS_DEL,ST_LIKE_COUNT,ST_C_COUNT,DEL_DATE) values (125,'rabbit','스토리 제목5',null,to_timestamp('21/07/30 09:13:40.000000000','RR/MM/DD HH24:MI:SSXFF'),null,'N',0,0,null);
Insert into TBL_STORY (ST_NO,USER_ID,ST_CONTENT,ST_IMG,REG_DATE,MOD_DATE,IS_DEL,ST_LIKE_COUNT,ST_C_COUNT,DEL_DATE) values (126,'rabbit','스토리 제목6',null,to_timestamp('21/07/30 09:13:40.000000000','RR/MM/DD HH24:MI:SSXFF'),null,'N',0,0,null);
Insert into TBL_STORY (ST_NO,USER_ID,ST_CONTENT,ST_IMG,REG_DATE,MOD_DATE,IS_DEL,ST_LIKE_COUNT,ST_C_COUNT,DEL_DATE) values (127,'rabbit','스토리 제목7',null,to_timestamp('21/07/30 09:13:40.000000000','RR/MM/DD HH24:MI:SSXFF'),null,'N',0,0,null);
Insert into TBL_STORY (ST_NO,USER_ID,ST_CONTENT,ST_IMG,REG_DATE,MOD_DATE,IS_DEL,ST_LIKE_COUNT,ST_C_COUNT,DEL_DATE) values (128,'rabbit','스토리 제목8',null,to_timestamp('21/07/30 09:13:40.000000000','RR/MM/DD HH24:MI:SSXFF'),null,'N',0,0,null);
Insert into TBL_STORY (ST_NO,USER_ID,ST_CONTENT,ST_IMG,REG_DATE,MOD_DATE,IS_DEL,ST_LIKE_COUNT,ST_C_COUNT,DEL_DATE) values (129,'rabbit','스토리 제목9',null,to_timestamp('21/07/30 09:13:40.000000000','RR/MM/DD HH24:MI:SSXFF'),null,'N',0,0,null);
Insert into TBL_STORY (ST_NO,USER_ID,ST_CONTENT,ST_IMG,REG_DATE,MOD_DATE,IS_DEL,ST_LIKE_COUNT,ST_C_COUNT,DEL_DATE) values (130,'rabbit','스토리 제목10',null,to_timestamp('21/07/30 09:13:40.000000000','RR/MM/DD HH24:MI:SSXFF'),null,'N',1,4,null);
Insert into TBL_STORY (ST_NO,USER_ID,ST_CONTENT,ST_IMG,REG_DATE,MOD_DATE,IS_DEL,ST_LIKE_COUNT,ST_C_COUNT,DEL_DATE) values (131,'duck','스토리 제목1',null,to_timestamp('21/07/30 09:14:05.000000000','RR/MM/DD HH24:MI:SSXFF'),null,'N',0,0,null);
Insert into TBL_STORY (ST_NO,USER_ID,ST_CONTENT,ST_IMG,REG_DATE,MOD_DATE,IS_DEL,ST_LIKE_COUNT,ST_C_COUNT,DEL_DATE) values (132,'duck','스토리 제목2',null,to_timestamp('21/07/30 09:14:05.000000000','RR/MM/DD HH24:MI:SSXFF'),null,'N',0,0,null);
Insert into TBL_STORY (ST_NO,USER_ID,ST_CONTENT,ST_IMG,REG_DATE,MOD_DATE,IS_DEL,ST_LIKE_COUNT,ST_C_COUNT,DEL_DATE) values (133,'duck','스토리 제목3',null,to_timestamp('21/07/30 09:14:05.000000000','RR/MM/DD HH24:MI:SSXFF'),null,'N',0,0,null);
Insert into TBL_STORY (ST_NO,USER_ID,ST_CONTENT,ST_IMG,REG_DATE,MOD_DATE,IS_DEL,ST_LIKE_COUNT,ST_C_COUNT,DEL_DATE) values (134,'duck','스토리 제목4',null,to_timestamp('21/07/30 09:14:05.000000000','RR/MM/DD HH24:MI:SSXFF'),null,'N',0,0,null);
Insert into TBL_STORY (ST_NO,USER_ID,ST_CONTENT,ST_IMG,REG_DATE,MOD_DATE,IS_DEL,ST_LIKE_COUNT,ST_C_COUNT,DEL_DATE) values (135,'duck','스토리 제목5',null,to_timestamp('21/07/30 09:14:05.000000000','RR/MM/DD HH24:MI:SSXFF'),null,'N',0,0,null);
Insert into TBL_STORY (ST_NO,USER_ID,ST_CONTENT,ST_IMG,REG_DATE,MOD_DATE,IS_DEL,ST_LIKE_COUNT,ST_C_COUNT,DEL_DATE) values (136,'duck','스토리 제목6',null,to_timestamp('21/07/30 09:14:05.000000000','RR/MM/DD HH24:MI:SSXFF'),null,'N',0,0,null);
Insert into TBL_STORY (ST_NO,USER_ID,ST_CONTENT,ST_IMG,REG_DATE,MOD_DATE,IS_DEL,ST_LIKE_COUNT,ST_C_COUNT,DEL_DATE) values (137,'duck','스토리 제목7',null,to_timestamp('21/07/30 09:14:05.000000000','RR/MM/DD HH24:MI:SSXFF'),null,'N',0,0,null);
Insert into TBL_STORY (ST_NO,USER_ID,ST_CONTENT,ST_IMG,REG_DATE,MOD_DATE,IS_DEL,ST_LIKE_COUNT,ST_C_COUNT,DEL_DATE) values (138,'duck','스토리 제목8',null,to_timestamp('21/07/30 09:14:05.000000000','RR/MM/DD HH24:MI:SSXFF'),null,'N',0,0,null);
Insert into TBL_STORY (ST_NO,USER_ID,ST_CONTENT,ST_IMG,REG_DATE,MOD_DATE,IS_DEL,ST_LIKE_COUNT,ST_C_COUNT,DEL_DATE) values (139,'duck','스토리 제목9',null,to_timestamp('21/07/30 09:14:05.000000000','RR/MM/DD HH24:MI:SSXFF'),null,'N',0,0,null);
Insert into TBL_STORY (ST_NO,USER_ID,ST_CONTENT,ST_IMG,REG_DATE,MOD_DATE,IS_DEL,ST_LIKE_COUNT,ST_C_COUNT,DEL_DATE) values (140,'duck','스토리 제목10',null,to_timestamp('21/07/30 09:14:05.000000000','RR/MM/DD HH24:MI:SSXFF'),null,'N',0,0,null);
Insert into TBL_STORY (ST_NO,USER_ID,ST_CONTENT,ST_IMG,REG_DATE,MOD_DATE,IS_DEL,ST_LIKE_COUNT,ST_C_COUNT,DEL_DATE) values (141,'penguin','스토리 제목1',null,to_timestamp('21/07/30 09:14:12.000000000','RR/MM/DD HH24:MI:SSXFF'),null,'N',0,0,null);
Insert into TBL_STORY (ST_NO,USER_ID,ST_CONTENT,ST_IMG,REG_DATE,MOD_DATE,IS_DEL,ST_LIKE_COUNT,ST_C_COUNT,DEL_DATE) values (142,'penguin','스토리 제목2',null,to_timestamp('21/07/30 09:14:12.000000000','RR/MM/DD HH24:MI:SSXFF'),null,'N',0,0,null);
Insert into TBL_STORY (ST_NO,USER_ID,ST_CONTENT,ST_IMG,REG_DATE,MOD_DATE,IS_DEL,ST_LIKE_COUNT,ST_C_COUNT,DEL_DATE) values (143,'penguin','스토리 제목3',null,to_timestamp('21/07/30 09:14:12.000000000','RR/MM/DD HH24:MI:SSXFF'),null,'N',0,0,null);
Insert into TBL_STORY (ST_NO,USER_ID,ST_CONTENT,ST_IMG,REG_DATE,MOD_DATE,IS_DEL,ST_LIKE_COUNT,ST_C_COUNT,DEL_DATE) values (144,'penguin','스토리 제목4',null,to_timestamp('21/07/30 09:14:12.000000000','RR/MM/DD HH24:MI:SSXFF'),null,'N',0,0,null);
Insert into TBL_STORY (ST_NO,USER_ID,ST_CONTENT,ST_IMG,REG_DATE,MOD_DATE,IS_DEL,ST_LIKE_COUNT,ST_C_COUNT,DEL_DATE) values (145,'penguin','스토리 제목5',null,to_timestamp('21/07/30 09:14:12.000000000','RR/MM/DD HH24:MI:SSXFF'),null,'N',0,0,null);
Insert into TBL_STORY (ST_NO,USER_ID,ST_CONTENT,ST_IMG,REG_DATE,MOD_DATE,IS_DEL,ST_LIKE_COUNT,ST_C_COUNT,DEL_DATE) values (146,'penguin','스토리 제목6',null,to_timestamp('21/07/30 09:14:12.000000000','RR/MM/DD HH24:MI:SSXFF'),null,'N',0,0,null);
Insert into TBL_STORY (ST_NO,USER_ID,ST_CONTENT,ST_IMG,REG_DATE,MOD_DATE,IS_DEL,ST_LIKE_COUNT,ST_C_COUNT,DEL_DATE) values (147,'penguin','스토리 제목7',null,to_timestamp('21/07/30 09:14:12.000000000','RR/MM/DD HH24:MI:SSXFF'),null,'N',0,0,null);
Insert into TBL_STORY (ST_NO,USER_ID,ST_CONTENT,ST_IMG,REG_DATE,MOD_DATE,IS_DEL,ST_LIKE_COUNT,ST_C_COUNT,DEL_DATE) values (148,'penguin','스토리 제목8',null,to_timestamp('21/07/30 09:14:12.000000000','RR/MM/DD HH24:MI:SSXFF'),null,'N',0,0,null);
Insert into TBL_STORY (ST_NO,USER_ID,ST_CONTENT,ST_IMG,REG_DATE,MOD_DATE,IS_DEL,ST_LIKE_COUNT,ST_C_COUNT,DEL_DATE) values (149,'penguin','스토리 제목9',null,to_timestamp('21/07/30 09:14:12.000000000','RR/MM/DD HH24:MI:SSXFF'),null,'N',0,0,null);
Insert into TBL_STORY (ST_NO,USER_ID,ST_CONTENT,ST_IMG,REG_DATE,MOD_DATE,IS_DEL,ST_LIKE_COUNT,ST_C_COUNT,DEL_DATE) values (150,'penguin','스토리 제목10',null,to_timestamp('21/07/30 09:14:12.000000000','RR/MM/DD HH24:MI:SSXFF'),null,'N',0,0,null);
Insert into TBL_STORY (ST_NO,USER_ID,ST_CONTENT,ST_IMG,REG_DATE,MOD_DATE,IS_DEL,ST_LIKE_COUNT,ST_C_COUNT,DEL_DATE) values (1,'cat','스토리 제목1',null,to_timestamp('21/07/28 17:25:49.000000000','RR/MM/DD HH24:MI:SSXFF'),null,'N',0,0,null);
Insert into TBL_STORY (ST_NO,USER_ID,ST_CONTENT,ST_IMG,REG_DATE,MOD_DATE,IS_DEL,ST_LIKE_COUNT,ST_C_COUNT,DEL_DATE) values (2,'cat','스토리 제목2',null,to_timestamp('21/07/28 17:25:49.000000000','RR/MM/DD HH24:MI:SSXFF'),null,'N',0,0,null);
Insert into TBL_STORY (ST_NO,USER_ID,ST_CONTENT,ST_IMG,REG_DATE,MOD_DATE,IS_DEL,ST_LIKE_COUNT,ST_C_COUNT,DEL_DATE) values (3,'cat','스토리 제목3',null,to_timestamp('21/07/28 17:25:49.000000000','RR/MM/DD HH24:MI:SSXFF'),null,'N',0,0,null);
Insert into TBL_STORY (ST_NO,USER_ID,ST_CONTENT,ST_IMG,REG_DATE,MOD_DATE,IS_DEL,ST_LIKE_COUNT,ST_C_COUNT,DEL_DATE) values (4,'cat','스토리 제목4',null,to_timestamp('21/07/28 17:25:49.000000000','RR/MM/DD HH24:MI:SSXFF'),null,'N',0,0,null);
Insert into TBL_STORY (ST_NO,USER_ID,ST_CONTENT,ST_IMG,REG_DATE,MOD_DATE,IS_DEL,ST_LIKE_COUNT,ST_C_COUNT,DEL_DATE) values (5,'cat','스토리 제목5',null,to_timestamp('21/07/28 17:25:49.000000000','RR/MM/DD HH24:MI:SSXFF'),null,'N',0,0,null);
Insert into TBL_STORY (ST_NO,USER_ID,ST_CONTENT,ST_IMG,REG_DATE,MOD_DATE,IS_DEL,ST_LIKE_COUNT,ST_C_COUNT,DEL_DATE) values (6,'cat','스토리 제목6',null,to_timestamp('21/07/28 17:25:49.000000000','RR/MM/DD HH24:MI:SSXFF'),null,'N',0,0,null);
Insert into TBL_STORY (ST_NO,USER_ID,ST_CONTENT,ST_IMG,REG_DATE,MOD_DATE,IS_DEL,ST_LIKE_COUNT,ST_C_COUNT,DEL_DATE) values (7,'cat','스토리 제목7',null,to_timestamp('21/07/28 17:25:49.000000000','RR/MM/DD HH24:MI:SSXFF'),null,'N',0,0,null);
Insert into TBL_STORY (ST_NO,USER_ID,ST_CONTENT,ST_IMG,REG_DATE,MOD_DATE,IS_DEL,ST_LIKE_COUNT,ST_C_COUNT,DEL_DATE) values (8,'cat','스토리 제목8',null,to_timestamp('21/07/28 17:25:49.000000000','RR/MM/DD HH24:MI:SSXFF'),null,'N',0,0,null);
Insert into TBL_STORY (ST_NO,USER_ID,ST_CONTENT,ST_IMG,REG_DATE,MOD_DATE,IS_DEL,ST_LIKE_COUNT,ST_C_COUNT,DEL_DATE) values (9,'cat','스토리 제목9',null,to_timestamp('21/07/28 17:25:49.000000000','RR/MM/DD HH24:MI:SSXFF'),null,'N',0,0,null);
Insert into TBL_STORY (ST_NO,USER_ID,ST_CONTENT,ST_IMG,REG_DATE,MOD_DATE,IS_DEL,ST_LIKE_COUNT,ST_C_COUNT,DEL_DATE) values (10,'cat','스토리 제목10',null,to_timestamp('21/07/28 17:25:49.000000000','RR/MM/DD HH24:MI:SSXFF'),null,'N',0,0,null);
Insert into TBL_STORY (ST_NO,USER_ID,ST_CONTENT,ST_IMG,REG_DATE,MOD_DATE,IS_DEL,ST_LIKE_COUNT,ST_C_COUNT,DEL_DATE) values (11,'cat','스토리 제목11',null,to_timestamp('21/07/28 17:25:49.000000000','RR/MM/DD HH24:MI:SSXFF'),null,'N',0,0,null);
Insert into TBL_STORY (ST_NO,USER_ID,ST_CONTENT,ST_IMG,REG_DATE,MOD_DATE,IS_DEL,ST_LIKE_COUNT,ST_C_COUNT,DEL_DATE) values (12,'cat','스토리 제목12',null,to_timestamp('21/07/28 17:25:49.000000000','RR/MM/DD HH24:MI:SSXFF'),null,'N',0,0,null);
Insert into TBL_STORY (ST_NO,USER_ID,ST_CONTENT,ST_IMG,REG_DATE,MOD_DATE,IS_DEL,ST_LIKE_COUNT,ST_C_COUNT,DEL_DATE) values (13,'cat','스토리 제목13',null,to_timestamp('21/07/28 17:25:49.000000000','RR/MM/DD HH24:MI:SSXFF'),null,'N',0,0,null);
Insert into TBL_STORY (ST_NO,USER_ID,ST_CONTENT,ST_IMG,REG_DATE,MOD_DATE,IS_DEL,ST_LIKE_COUNT,ST_C_COUNT,DEL_DATE) values (14,'cat','스토리 제목14',null,to_timestamp('21/07/28 17:25:49.000000000','RR/MM/DD HH24:MI:SSXFF'),null,'N',0,0,null);
Insert into TBL_STORY (ST_NO,USER_ID,ST_CONTENT,ST_IMG,REG_DATE,MOD_DATE,IS_DEL,ST_LIKE_COUNT,ST_C_COUNT,DEL_DATE) values (15,'cat','스토리 제목15',null,to_timestamp('21/07/28 17:25:49.000000000','RR/MM/DD HH24:MI:SSXFF'),null,'N',0,0,null);
Insert into TBL_STORY (ST_NO,USER_ID,ST_CONTENT,ST_IMG,REG_DATE,MOD_DATE,IS_DEL,ST_LIKE_COUNT,ST_C_COUNT,DEL_DATE) values (16,'cat','스토리 제목16',null,to_timestamp('21/07/28 17:25:49.000000000','RR/MM/DD HH24:MI:SSXFF'),null,'N',0,0,null);
Insert into TBL_STORY (ST_NO,USER_ID,ST_CONTENT,ST_IMG,REG_DATE,MOD_DATE,IS_DEL,ST_LIKE_COUNT,ST_C_COUNT,DEL_DATE) values (17,'cat','스토리 제목17',null,to_timestamp('21/07/28 17:25:49.000000000','RR/MM/DD HH24:MI:SSXFF'),null,'N',0,0,null);
Insert into TBL_STORY (ST_NO,USER_ID,ST_CONTENT,ST_IMG,REG_DATE,MOD_DATE,IS_DEL,ST_LIKE_COUNT,ST_C_COUNT,DEL_DATE) values (18,'cat','스토리 제목18',null,to_timestamp('21/07/28 17:25:49.000000000','RR/MM/DD HH24:MI:SSXFF'),null,'N',0,0,null);
Insert into TBL_STORY (ST_NO,USER_ID,ST_CONTENT,ST_IMG,REG_DATE,MOD_DATE,IS_DEL,ST_LIKE_COUNT,ST_C_COUNT,DEL_DATE) values (19,'cat','스토리 제목19',null,to_timestamp('21/07/28 17:25:49.000000000','RR/MM/DD HH24:MI:SSXFF'),null,'N',0,0,null);
Insert into TBL_STORY (ST_NO,USER_ID,ST_CONTENT,ST_IMG,REG_DATE,MOD_DATE,IS_DEL,ST_LIKE_COUNT,ST_C_COUNT,DEL_DATE) values (20,'cat','스토리 제목20',null,to_timestamp('21/07/28 17:25:49.000000000','RR/MM/DD HH24:MI:SSXFF'),null,'N',0,0,null);
Insert into TBL_STORY (ST_NO,USER_ID,ST_CONTENT,ST_IMG,REG_DATE,MOD_DATE,IS_DEL,ST_LIKE_COUNT,ST_C_COUNT,DEL_DATE) values (21,'cat','스토리 제목21',null,to_timestamp('21/07/28 17:25:49.000000000','RR/MM/DD HH24:MI:SSXFF'),null,'N',0,0,null);
Insert into TBL_STORY (ST_NO,USER_ID,ST_CONTENT,ST_IMG,REG_DATE,MOD_DATE,IS_DEL,ST_LIKE_COUNT,ST_C_COUNT,DEL_DATE) values (22,'cat','스토리 제목22',null,to_timestamp('21/07/28 17:25:49.000000000','RR/MM/DD HH24:MI:SSXFF'),null,'N',0,0,null);
Insert into TBL_STORY (ST_NO,USER_ID,ST_CONTENT,ST_IMG,REG_DATE,MOD_DATE,IS_DEL,ST_LIKE_COUNT,ST_C_COUNT,DEL_DATE) values (23,'cat','스토리 제목23',null,to_timestamp('21/07/28 17:25:49.000000000','RR/MM/DD HH24:MI:SSXFF'),null,'N',0,0,null);
Insert into TBL_STORY (ST_NO,USER_ID,ST_CONTENT,ST_IMG,REG_DATE,MOD_DATE,IS_DEL,ST_LIKE_COUNT,ST_C_COUNT,DEL_DATE) values (24,'cat','스토리 제목24',null,to_timestamp('21/07/28 17:25:49.000000000','RR/MM/DD HH24:MI:SSXFF'),null,'N',0,0,null);
Insert into TBL_STORY (ST_NO,USER_ID,ST_CONTENT,ST_IMG,REG_DATE,MOD_DATE,IS_DEL,ST_LIKE_COUNT,ST_C_COUNT,DEL_DATE) values (170,'rabbit','(전국종합=연합뉴스) 임화섭 신재우 이영주 기자 = 국내 신종 코로나바이러스 감염증(코로나19) 4차 대유행이 지속 중인 가운데 3일에도 전국 곳곳에서 확진자가 잇따랐다.

방역당국과 서울시 등 각 지방자치단체에 따르면 이날 0시부터 오후 6시까지 전국에서 코로나19 양성 판정을 받은 신규 확진자는 1천425명으로 집계됐다.

전날 같은 시간에 집계된 887명보다 538명 늘었다.

휴일 검사건수 감소 영향이 사라지면서 다시 급증한 것이다.

1주일 전인 지난주 화요일(27일)의 오후 6시 집계치 1천464명에 비해서는 39명 적다.

이날 확진자가 나온 지역을 보면 수도권이 929명(65.2%), 비수도권이 496명(34.8%)이다.

시도별로는 경기 432명, 서울 422명, 부산 90명, 인천 75명, 대구 73명, 경남 70명, 충남 50명, 대전 45명, 경북 44명, 충북 42명, 강원 21명, 제주 18명, 전북 15명, 광주 12명, 울산 10명, 전남 5명, 세종 1명이다.

집계를 마감하는 자정까지 아직 시간이 남은 만큼 4일 0시 기준으로 발표될 신규 확진자 수는 이보다 더 늘어 1천700명대, 많으면 1천800명대에 달할 전망이다.

전날에는 오후 6시 이후 315명 늘어 최종 1천202명으로 마감됐다.','test/story_img/2021/08/03/8e608cb1-bcc6-4d19-be38-9e6859ef01b0_mov06.jpg',to_timestamp('21/08/03 19:14:56.000000000','RR/MM/DD HH24:MI:SSXFF'),null,'N',0,0,null);
Insert into TBL_STORY (ST_NO,USER_ID,ST_CONTENT,ST_IMG,REG_DATE,MOD_DATE,IS_DEL,ST_LIKE_COUNT,ST_C_COUNT,DEL_DATE) values (168,'rabbit','dddd','test/story_img/2021/08/03/6d18a27a-a240-4a57-b9c2-15c416d2f07a_touchicon-180.png',to_timestamp('21/08/03 18:24:20.000000000','RR/MM/DD HH24:MI:SSXFF'),null,'N',0,0,null);
Insert into TBL_STORY (ST_NO,USER_ID,ST_CONTENT,ST_IMG,REG_DATE,MOD_DATE,IS_DEL,ST_LIKE_COUNT,ST_C_COUNT,DEL_DATE) values (169,'rabbit','안녕하세요','test/story_img/2021/08/03/a9355cf2-2e41-4d72-9709-525aab321a3b_mov05.jpg',to_timestamp('21/08/03 18:46:31.000000000','RR/MM/DD HH24:MI:SSXFF'),null,'N',0,0,null);
REM INSERTING into TBL_STORY_COMMENT
SET DEFINE OFF;
Insert into TBL_STORY_COMMENT (ST_C_NO,USER_ID,ST_NO,ST_C_CONTENT,ST_C_PARENT_NO,ST_C_DEPTH,ST_C_ORDER,REG_DATE,MOD_DATE,IS_DEL,DEL_DATE) values (44,'cat',110,'안녕하세요z',44,0,44,to_timestamp('21/07/28 18:16:30.000000000','RR/MM/DD HH24:MI:SSXFF'),to_timestamp('21/08/03 09:23:56.000000000','RR/MM/DD HH24:MI:SSXFF'),'N',null);
Insert into TBL_STORY_COMMENT (ST_C_NO,USER_ID,ST_NO,ST_C_CONTENT,ST_C_PARENT_NO,ST_C_DEPTH,ST_C_ORDER,REG_DATE,MOD_DATE,IS_DEL,DEL_DATE) values (45,'dog',120,'하이헬로',45,0,45,to_timestamp('21/07/30 09:15:17.000000000','RR/MM/DD HH24:MI:SSXFF'),to_timestamp('21/07/30 09:15:53.000000000','RR/MM/DD HH24:MI:SSXFF'),'N',null);
Insert into TBL_STORY_COMMENT (ST_C_NO,USER_ID,ST_NO,ST_C_CONTENT,ST_C_PARENT_NO,ST_C_DEPTH,ST_C_ORDER,REG_DATE,MOD_DATE,IS_DEL,DEL_DATE) values (46,'rabbit',130,'네네네네네네',46,0,46,to_timestamp('21/07/30 12:08:23.000000000','RR/MM/DD HH24:MI:SSXFF'),null,'N',null);
Insert into TBL_STORY_COMMENT (ST_C_NO,USER_ID,ST_NO,ST_C_CONTENT,ST_C_PARENT_NO,ST_C_DEPTH,ST_C_ORDER,REG_DATE,MOD_DATE,IS_DEL,DEL_DATE) values (47,'rabbit',130,'댓글입니다.',47,0,47,to_timestamp('21/07/30 17:32:37.000000000','RR/MM/DD HH24:MI:SSXFF'),to_timestamp('21/08/03 09:28:11.000000000','RR/MM/DD HH24:MI:SSXFF'),'Y',to_timestamp('21/08/03 09:37:42.000000000','RR/MM/DD HH24:MI:SSXFF'));
Insert into TBL_STORY_COMMENT (ST_C_NO,USER_ID,ST_NO,ST_C_CONTENT,ST_C_PARENT_NO,ST_C_DEPTH,ST_C_ORDER,REG_DATE,MOD_DATE,IS_DEL,DEL_DATE) values (48,'rabbit',130,'하이하이ㅎ',48,0,48,to_timestamp('21/08/03 09:37:50.000000000','RR/MM/DD HH24:MI:SSXFF'),to_timestamp('21/08/03 14:10:00.000000000','RR/MM/DD HH24:MI:SSXFF'),'N',null);
Insert into TBL_STORY_COMMENT (ST_C_NO,USER_ID,ST_NO,ST_C_CONTENT,ST_C_PARENT_NO,ST_C_DEPTH,ST_C_ORDER,REG_DATE,MOD_DATE,IS_DEL,DEL_DATE) values (49,'rabbit',130,'ㅎㅎㅎ',49,0,49,to_timestamp('21/08/03 09:53:55.000000000','RR/MM/DD HH24:MI:SSXFF'),to_timestamp('21/08/03 09:54:37.000000000','RR/MM/DD HH24:MI:SSXFF'),'Y',to_timestamp('21/08/03 09:54:39.000000000','RR/MM/DD HH24:MI:SSXFF'));
Insert into TBL_STORY_COMMENT (ST_C_NO,USER_ID,ST_NO,ST_C_CONTENT,ST_C_PARENT_NO,ST_C_DEPTH,ST_C_ORDER,REG_DATE,MOD_DATE,IS_DEL,DEL_DATE) values (42,'cat',110,'안녕하세요',42,0,42,to_timestamp('21/07/28 17:55:24.000000000','RR/MM/DD HH24:MI:SSXFF'),null,'N',null);
Insert into TBL_STORY_COMMENT (ST_C_NO,USER_ID,ST_NO,ST_C_CONTENT,ST_C_PARENT_NO,ST_C_DEPTH,ST_C_ORDER,REG_DATE,MOD_DATE,IS_DEL,DEL_DATE) values (43,'cat',110,'안녕하세요2',43,0,43,to_timestamp('21/07/28 18:16:25.000000000','RR/MM/DD HH24:MI:SSXFF'),null,'N',null);
Insert into TBL_STORY_COMMENT (ST_C_NO,USER_ID,ST_NO,ST_C_CONTENT,ST_C_PARENT_NO,ST_C_DEPTH,ST_C_ORDER,REG_DATE,MOD_DATE,IS_DEL,DEL_DATE) values (50,'rabbit',130,'하이',50,0,50,to_timestamp('21/08/03 09:54:07.000000000','RR/MM/DD HH24:MI:SSXFF'),null,'Y',to_timestamp('21/08/03 14:09:56.000000000','RR/MM/DD HH24:MI:SSXFF'));
Insert into TBL_STORY_COMMENT (ST_C_NO,USER_ID,ST_NO,ST_C_CONTENT,ST_C_PARENT_NO,ST_C_DEPTH,ST_C_ORDER,REG_DATE,MOD_DATE,IS_DEL,DEL_DATE) values (51,'cat',130,'gdㅇㅇㅇㅇ',51,0,51,to_timestamp('21/08/03 10:09:34.000000000','RR/MM/DD HH24:MI:SSXFF'),to_timestamp('21/08/03 10:33:10.000000000','RR/MM/DD HH24:MI:SSXFF'),'Y',to_timestamp('21/08/03 10:33:22.000000000','RR/MM/DD HH24:MI:SSXFF'));
Insert into TBL_STORY_COMMENT (ST_C_NO,USER_ID,ST_NO,ST_C_CONTENT,ST_C_PARENT_NO,ST_C_DEPTH,ST_C_ORDER,REG_DATE,MOD_DATE,IS_DEL,DEL_DATE) values (52,'cat',130,'테스트',52,0,52,to_timestamp('21/08/03 10:14:08.000000000','RR/MM/DD HH24:MI:SSXFF'),null,'N',null);
Insert into TBL_STORY_COMMENT (ST_C_NO,USER_ID,ST_NO,ST_C_CONTENT,ST_C_PARENT_NO,ST_C_DEPTH,ST_C_ORDER,REG_DATE,MOD_DATE,IS_DEL,DEL_DATE) values (53,'cat',130,'ㅌㅅㅌ',53,0,53,to_timestamp('21/08/03 10:34:58.000000000','RR/MM/DD HH24:MI:SSXFF'),null,'N',null);
Insert into TBL_STORY_COMMENT (ST_C_NO,USER_ID,ST_NO,ST_C_CONTENT,ST_C_PARENT_NO,ST_C_DEPTH,ST_C_ORDER,REG_DATE,MOD_DATE,IS_DEL,DEL_DATE) values (54,'cat',130,'ㅋ',54,0,54,to_timestamp('21/08/03 10:36:52.000000000','RR/MM/DD HH24:MI:SSXFF'),null,'Y',to_timestamp('21/08/03 10:40:25.000000000','RR/MM/DD HH24:MI:SSXFF'));
Insert into TBL_STORY_COMMENT (ST_C_NO,USER_ID,ST_NO,ST_C_CONTENT,ST_C_PARENT_NO,ST_C_DEPTH,ST_C_ORDER,REG_DATE,MOD_DATE,IS_DEL,DEL_DATE) values (55,'cat',130,'ㅇ',55,0,55,to_timestamp('21/08/03 10:37:34.000000000','RR/MM/DD HH24:MI:SSXFF'),null,'Y',to_timestamp('21/08/03 10:40:23.000000000','RR/MM/DD HH24:MI:SSXFF'));
Insert into TBL_STORY_COMMENT (ST_C_NO,USER_ID,ST_NO,ST_C_CONTENT,ST_C_PARENT_NO,ST_C_DEPTH,ST_C_ORDER,REG_DATE,MOD_DATE,IS_DEL,DEL_DATE) values (56,'rabbit',130,'ㅎㅇ',56,0,56,to_timestamp('21/08/03 14:09:39.000000000','RR/MM/DD HH24:MI:SSXFF'),null,'Y',to_timestamp('21/08/03 14:09:49.000000000','RR/MM/DD HH24:MI:SSXFF'));
Insert into TBL_STORY_COMMENT (ST_C_NO,USER_ID,ST_NO,ST_C_CONTENT,ST_C_PARENT_NO,ST_C_DEPTH,ST_C_ORDER,REG_DATE,MOD_DATE,IS_DEL,DEL_DATE) values (57,'rabbit',169,'ㅎㅇㅎㅇㅎㅇㅋㅋ',57,0,57,to_timestamp('21/08/03 18:59:02.000000000','RR/MM/DD HH24:MI:SSXFF'),to_timestamp('21/08/03 19:00:38.000000000','RR/MM/DD HH24:MI:SSXFF'),'Y',to_timestamp('21/08/03 19:00:42.000000000','RR/MM/DD HH24:MI:SSXFF'));
REM INSERTING into TBL_STORY_LIKE
SET DEFINE OFF;
Insert into TBL_STORY_LIKE (ST_NO,USER_ID) values (120,'dog');
Insert into TBL_STORY_LIKE (ST_NO,USER_ID) values (110,'cat');
Insert into TBL_STORY_LIKE (ST_NO,USER_ID) values (130,'rabbit');
REM INSERTING into TBL_TIME_CATE
SET DEFINE OFF;
Insert into TBL_TIME_CATE (TIME_NO,TIME_NAME) values (5,'5분 이내');
Insert into TBL_TIME_CATE (TIME_NO,TIME_NAME) values (10,'10분 이내');
Insert into TBL_TIME_CATE (TIME_NO,TIME_NAME) values (15,'15분 이내');
Insert into TBL_TIME_CATE (TIME_NO,TIME_NAME) values (20,'20분 이내');
Insert into TBL_TIME_CATE (TIME_NO,TIME_NAME) values (30,'30분 이내');
Insert into TBL_TIME_CATE (TIME_NO,TIME_NAME) values (60,'1시간 이내');
Insert into TBL_TIME_CATE (TIME_NO,TIME_NAME) values (90,'1시간 30분 이내');
Insert into TBL_TIME_CATE (TIME_NO,TIME_NAME) values (160,'2시간 이내');
Insert into TBL_TIME_CATE (TIME_NO,TIME_NAME) values (161,'2시간 이상');
REM INSERTING into TBL_WORKROOM
SET DEFINE OFF;
Insert into TBL_WORKROOM (USER_ID,WR_NAME,WR_INTRO) values ('dog','멍멍이의 작업실','안녕하세요~ 반갑습니다');
Insert into TBL_WORKROOM (USER_ID,WR_NAME,WR_INTRO) values ('cat','냥의 작업실','안녕하세요~');
Insert into TBL_WORKROOM (USER_ID,WR_NAME,WR_INTRO) values ('rabbit','rabbit의 작업실','안녕하세요~ 반갑습니다');
Insert into TBL_WORKROOM (USER_ID,WR_NAME,WR_INTRO) values ('duck','러버덕의 작업실','안녕하세요~');
Insert into TBL_WORKROOM (USER_ID,WR_NAME,WR_INTRO) values ('penguin','펭귄의 작업실','안녕하세요~');
Insert into TBL_WORKROOM (USER_ID,WR_NAME,WR_INTRO) values ('hamster','hamster의 작업실','안녕하세요~');
--------------------------------------------------------
--  Constraints for Table TBL_HOBBY_MATERIAL
--------------------------------------------------------

  ALTER TABLE "TBL_HOBBY_MATERIAL" ADD CONSTRAINT "HOBBY_MATERIAL_PK" PRIMARY KEY ("HM_NO")
  USING INDEX PCTFREE 10 INITRANS 2 MAXTRANS 255 
  STORAGE(INITIAL 65536 NEXT 1048576 MINEXTENTS 1 MAXEXTENTS 2147483645
  PCTINCREASE 0 FREELISTS 1 FREELIST GROUPS 1 BUFFER_POOL DEFAULT FLASH_CACHE DEFAULT CELL_FLASH_CACHE DEFAULT)
  TABLESPACE "SYSTEM"  ENABLE;
  ALTER TABLE "TBL_HOBBY_MATERIAL" MODIFY ("IS_DEL" NOT NULL ENABLE);
  ALTER TABLE "TBL_HOBBY_MATERIAL" MODIFY ("SEQ" NOT NULL ENABLE);
  ALTER TABLE "TBL_HOBBY_MATERIAL" MODIFY ("MATERIAL_NO" NOT NULL ENABLE);
  ALTER TABLE "TBL_HOBBY_MATERIAL" MODIFY ("HOBBY_NO" NOT NULL ENABLE);
  ALTER TABLE "TBL_HOBBY_MATERIAL" MODIFY ("HM_NO" NOT NULL ENABLE);
--------------------------------------------------------
--  Constraints for Table TBL_QNASORT
--------------------------------------------------------

  ALTER TABLE "TBL_QNASORT" ADD PRIMARY KEY ("QNA_SORT_CD")
  USING INDEX PCTFREE 10 INITRANS 2 MAXTRANS 255 COMPUTE STATISTICS 
  STORAGE(INITIAL 65536 NEXT 1048576 MINEXTENTS 1 MAXEXTENTS 2147483645
  PCTINCREASE 0 FREELISTS 1 FREELIST GROUPS 1 BUFFER_POOL DEFAULT FLASH_CACHE DEFAULT CELL_FLASH_CACHE DEFAULT)
  TABLESPACE "SYSTEM"  ENABLE;
  ALTER TABLE "TBL_QNASORT" MODIFY ("QNA_TYPE_NM" NOT NULL ENABLE);
--------------------------------------------------------
--  Constraints for Table TBL_MAKE_STEP
--------------------------------------------------------

  ALTER TABLE "TBL_MAKE_STEP" ADD CONSTRAINT "MAKE_STEP_PK" PRIMARY KEY ("STEP_NO")
  USING INDEX PCTFREE 10 INITRANS 2 MAXTRANS 255 
  STORAGE(INITIAL 65536 NEXT 1048576 MINEXTENTS 1 MAXEXTENTS 2147483645
  PCTINCREASE 0 FREELISTS 1 FREELIST GROUPS 1 BUFFER_POOL DEFAULT FLASH_CACHE DEFAULT CELL_FLASH_CACHE DEFAULT)
  TABLESPACE "SYSTEM"  ENABLE;
  ALTER TABLE "TBL_MAKE_STEP" MODIFY ("IS_DEL" NOT NULL ENABLE);
  ALTER TABLE "TBL_MAKE_STEP" MODIFY ("MAKE_STEP_TEXT" NOT NULL ENABLE);
  ALTER TABLE "TBL_MAKE_STEP" MODIFY ("MAKE_STEP_NUM" NOT NULL ENABLE);
  ALTER TABLE "TBL_MAKE_STEP" MODIFY ("HOBBY_NO" NOT NULL ENABLE);
  ALTER TABLE "TBL_MAKE_STEP" MODIFY ("STEP_NO" NOT NULL ENABLE);
--------------------------------------------------------
--  Constraints for Table TBL_MATERIAL
--------------------------------------------------------

  ALTER TABLE "TBL_MATERIAL" ADD CONSTRAINT "MATERIAL_PK" PRIMARY KEY ("MATERIAL_NO")
  USING INDEX PCTFREE 10 INITRANS 2 MAXTRANS 255 COMPUTE STATISTICS 
  STORAGE(INITIAL 65536 NEXT 1048576 MINEXTENTS 1 MAXEXTENTS 2147483645
  PCTINCREASE 0 FREELISTS 1 FREELIST GROUPS 1 BUFFER_POOL DEFAULT FLASH_CACHE DEFAULT CELL_FLASH_CACHE DEFAULT)
  TABLESPACE "SYSTEM"  ENABLE;
  ALTER TABLE "TBL_MATERIAL" MODIFY ("MATERIAL_NAME" NOT NULL ENABLE);
  ALTER TABLE "TBL_MATERIAL" MODIFY ("MATERIAL_NO" NOT NULL ENABLE);
--------------------------------------------------------
--  Constraints for Table TBL_EVENT
--------------------------------------------------------

  ALTER TABLE "TBL_EVENT" ADD PRIMARY KEY ("E_NO")
  USING INDEX PCTFREE 10 INITRANS 2 MAXTRANS 255 COMPUTE STATISTICS 
  STORAGE(INITIAL 65536 NEXT 1048576 MINEXTENTS 1 MAXEXTENTS 2147483645
  PCTINCREASE 0 FREELISTS 1 FREELIST GROUPS 1 BUFFER_POOL DEFAULT FLASH_CACHE DEFAULT CELL_FLASH_CACHE DEFAULT)
  TABLESPACE "SYSTEM"  ENABLE;
  ALTER TABLE "TBL_EVENT" MODIFY ("E_TITLE" NOT NULL ENABLE);
--------------------------------------------------------
--  Constraints for Table TBL_MANAGER_MEMBER
--------------------------------------------------------

  ALTER TABLE "TBL_MANAGER_MEMBER" ADD PRIMARY KEY ("M_NO")
  USING INDEX PCTFREE 10 INITRANS 2 MAXTRANS 255 COMPUTE STATISTICS 
  STORAGE(INITIAL 65536 NEXT 1048576 MINEXTENTS 1 MAXEXTENTS 2147483645
  PCTINCREASE 0 FREELISTS 1 FREELIST GROUPS 1 BUFFER_POOL DEFAULT FLASH_CACHE DEFAULT CELL_FLASH_CACHE DEFAULT)
  TABLESPACE "SYSTEM"  ENABLE;
  ALTER TABLE "TBL_MANAGER_MEMBER" MODIFY ("M_AUTORITY" NOT NULL ENABLE);
--------------------------------------------------------
--  Constraints for Table TBL_MEMBERINFO
--------------------------------------------------------

  ALTER TABLE "TBL_MEMBERINFO" ADD PRIMARY KEY ("USER_ID")
  USING INDEX PCTFREE 10 INITRANS 2 MAXTRANS 255 COMPUTE STATISTICS 
  STORAGE(INITIAL 65536 NEXT 1048576 MINEXTENTS 1 MAXEXTENTS 2147483645
  PCTINCREASE 0 FREELISTS 1 FREELIST GROUPS 1 BUFFER_POOL DEFAULT FLASH_CACHE DEFAULT CELL_FLASH_CACHE DEFAULT)
  TABLESPACE "SYSTEM"  ENABLE;
  ALTER TABLE "TBL_MEMBERINFO" ADD CONSTRAINT "IS_DEL" CHECK (is_del IN ('N','Y')) ENABLE;
  ALTER TABLE "TBL_MEMBERINFO" MODIFY ("USER_NAME" NOT NULL ENABLE);
  ALTER TABLE "TBL_MEMBERINFO" MODIFY ("USER_PW" NOT NULL ENABLE);
--------------------------------------------------------
--  Constraints for Table TBL_MAIN_EVENT
--------------------------------------------------------

  ALTER TABLE "TBL_MAIN_EVENT" ADD PRIMARY KEY ("E_NO")
  USING INDEX PCTFREE 10 INITRANS 2 MAXTRANS 255 
  STORAGE(INITIAL 65536 NEXT 1048576 MINEXTENTS 1 MAXEXTENTS 2147483645
  PCTINCREASE 0 FREELISTS 1 FREELIST GROUPS 1 BUFFER_POOL DEFAULT FLASH_CACHE DEFAULT CELL_FLASH_CACHE DEFAULT)
  TABLESPACE "SYSTEM"  ENABLE;
--------------------------------------------------------
--  Constraints for Table TBL_MEMBERSETUP
--------------------------------------------------------

  ALTER TABLE "TBL_MEMBERSETUP" ADD PRIMARY KEY ("USER_ID")
  USING INDEX PCTFREE 10 INITRANS 2 MAXTRANS 255 
  STORAGE(INITIAL 65536 NEXT 1048576 MINEXTENTS 1 MAXEXTENTS 2147483645
  PCTINCREASE 0 FREELISTS 1 FREELIST GROUPS 1 BUFFER_POOL DEFAULT FLASH_CACHE DEFAULT CELL_FLASH_CACHE DEFAULT)
  TABLESPACE "SYSTEM"  ENABLE;
  ALTER TABLE "TBL_MEMBERSETUP" ADD CONSTRAINT "CHECK_SETUP" CHECK (onOff in('on', 'off')) ENABLE;
--------------------------------------------------------
--  Constraints for Table TBL_COMPLETE_IMG
--------------------------------------------------------

  ALTER TABLE "TBL_COMPLETE_IMG" MODIFY ("NUM" NOT NULL ENABLE);
  ALTER TABLE "TBL_COMPLETE_IMG" MODIFY ("HOBBY_NO" NOT NULL ENABLE);
--------------------------------------------------------
--  Constraints for Table TBL_MEMBERGRADE
--------------------------------------------------------

  ALTER TABLE "TBL_MEMBERGRADE" ADD PRIMARY KEY ("CD")
  USING INDEX PCTFREE 10 INITRANS 2 MAXTRANS 255 COMPUTE STATISTICS 
  STORAGE(INITIAL 65536 NEXT 1048576 MINEXTENTS 1 MAXEXTENTS 2147483645
  PCTINCREASE 0 FREELISTS 1 FREELIST GROUPS 1 BUFFER_POOL DEFAULT FLASH_CACHE DEFAULT CELL_FLASH_CACHE DEFAULT)
  TABLESPACE "SYSTEM"  ENABLE;
--------------------------------------------------------
--  Constraints for Table TBL_COMMENT
--------------------------------------------------------

  ALTER TABLE "TBL_COMMENT" ADD CONSTRAINT "COMMENT_C_NO_PK" PRIMARY KEY ("C_NO")
  USING INDEX PCTFREE 10 INITRANS 2 MAXTRANS 255 
  STORAGE(INITIAL 65536 NEXT 1048576 MINEXTENTS 1 MAXEXTENTS 2147483645
  PCTINCREASE 0 FREELISTS 1 FREELIST GROUPS 1 BUFFER_POOL DEFAULT FLASH_CACHE DEFAULT CELL_FLASH_CACHE DEFAULT)
  TABLESPACE "SYSTEM"  ENABLE;
  ALTER TABLE "TBL_COMMENT" MODIFY ("REG_DATE" NOT NULL ENABLE);
  ALTER TABLE "TBL_COMMENT" MODIFY ("IS_DEL" NOT NULL ENABLE);
  ALTER TABLE "TBL_COMMENT" MODIFY ("C_DEPTH" NOT NULL ENABLE);
  ALTER TABLE "TBL_COMMENT" MODIFY ("H_NO" NOT NULL ENABLE);
  ALTER TABLE "TBL_COMMENT" MODIFY ("C_CONTENT" NOT NULL ENABLE);
  ALTER TABLE "TBL_COMMENT" MODIFY ("USER_ID" NOT NULL ENABLE);
  ALTER TABLE "TBL_COMMENT" MODIFY ("C_NO" NOT NULL ENABLE);
--------------------------------------------------------
--  Constraints for Table TBL_QNA
--------------------------------------------------------

  ALTER TABLE "TBL_QNA" ADD PRIMARY KEY ("QNA_NO")
  USING INDEX PCTFREE 10 INITRANS 2 MAXTRANS 255 COMPUTE STATISTICS 
  STORAGE(INITIAL 65536 NEXT 1048576 MINEXTENTS 1 MAXEXTENTS 2147483645
  PCTINCREASE 0 FREELISTS 1 FREELIST GROUPS 1 BUFFER_POOL DEFAULT FLASH_CACHE DEFAULT CELL_FLASH_CACHE DEFAULT)
  TABLESPACE "SYSTEM"  ENABLE;
  ALTER TABLE "TBL_QNA" ADD CHECK (is_del in ('N','Y')) ENABLE;
  ALTER TABLE "TBL_QNA" ADD CHECK (QnA_Type in ('Q', 'A')) ENABLE;
  ALTER TABLE "TBL_QNA" MODIFY ("USER_ID" NOT NULL ENABLE);
  ALTER TABLE "TBL_QNA" MODIFY ("CONTENT" NOT NULL ENABLE);
  ALTER TABLE "TBL_QNA" MODIFY ("TITLE" NOT NULL ENABLE);
--------------------------------------------------------
--  Constraints for Table TBL_MEMBERDETAIL
--------------------------------------------------------

  ALTER TABLE "TBL_MEMBERDETAIL" ADD UNIQUE ("USER_NICK")
  USING INDEX PCTFREE 10 INITRANS 2 MAXTRANS 255 COMPUTE STATISTICS 
  STORAGE(INITIAL 65536 NEXT 1048576 MINEXTENTS 1 MAXEXTENTS 2147483645
  PCTINCREASE 0 FREELISTS 1 FREELIST GROUPS 1 BUFFER_POOL DEFAULT FLASH_CACHE DEFAULT CELL_FLASH_CACHE DEFAULT)
  TABLESPACE "SYSTEM"  ENABLE;
  ALTER TABLE "TBL_MEMBERDETAIL" ADD PRIMARY KEY ("USER_ID")
  USING INDEX PCTFREE 10 INITRANS 2 MAXTRANS 255 COMPUTE STATISTICS 
  STORAGE(INITIAL 65536 NEXT 1048576 MINEXTENTS 1 MAXEXTENTS 2147483645
  PCTINCREASE 0 FREELISTS 1 FREELIST GROUPS 1 BUFFER_POOL DEFAULT FLASH_CACHE DEFAULT CELL_FLASH_CACHE DEFAULT)
  TABLESPACE "SYSTEM"  ENABLE;
--------------------------------------------------------
--  Constraints for Table TBL_HOBBY
--------------------------------------------------------

  ALTER TABLE "TBL_HOBBY" ADD CONSTRAINT "HOBBY_HOBBY_NO_PK" PRIMARY KEY ("HOBBY_NO")
  USING INDEX PCTFREE 10 INITRANS 2 MAXTRANS 255 
  STORAGE(INITIAL 65536 NEXT 1048576 MINEXTENTS 1 MAXEXTENTS 2147483645
  PCTINCREASE 0 FREELISTS 1 FREELIST GROUPS 1 BUFFER_POOL DEFAULT FLASH_CACHE DEFAULT CELL_FLASH_CACHE DEFAULT)
  TABLESPACE "SYSTEM"  ENABLE;
  ALTER TABLE "TBL_HOBBY" MODIFY ("REG_DATE" NOT NULL ENABLE);
  ALTER TABLE "TBL_HOBBY" MODIFY ("IS_DEL" NOT NULL ENABLE);
  ALTER TABLE "TBL_HOBBY" MODIFY ("LIKE_CNT" NOT NULL ENABLE);
  ALTER TABLE "TBL_HOBBY" MODIFY ("VIEW_CNT" NOT NULL ENABLE);
  ALTER TABLE "TBL_HOBBY" MODIFY ("COST_NO" NOT NULL ENABLE);
  ALTER TABLE "TBL_HOBBY" MODIFY ("LEVEL_NO" NOT NULL ENABLE);
  ALTER TABLE "TBL_HOBBY" MODIFY ("TIME_NO" NOT NULL ENABLE);
  ALTER TABLE "TBL_HOBBY" MODIFY ("M_CATE_NO" NOT NULL ENABLE);
  ALTER TABLE "TBL_HOBBY" MODIFY ("L_CATE_NO" NOT NULL ENABLE);
  ALTER TABLE "TBL_HOBBY" MODIFY ("HOBBY_INTRO" NOT NULL ENABLE);
  ALTER TABLE "TBL_HOBBY" MODIFY ("MAIN_IMG" NOT NULL ENABLE);
  ALTER TABLE "TBL_HOBBY" MODIFY ("HOBBY_TITLE" NOT NULL ENABLE);
  ALTER TABLE "TBL_HOBBY" MODIFY ("USER_ID" NOT NULL ENABLE);
  ALTER TABLE "TBL_HOBBY" MODIFY ("HOBBY_NO" NOT NULL ENABLE);
--------------------------------------------------------
--  Constraints for Table TBL_HOBBY_CATE
--------------------------------------------------------

  ALTER TABLE "TBL_HOBBY_CATE" ADD CONSTRAINT "HOBBY_CATE_PK" PRIMARY KEY ("CATE_NO")
  USING INDEX PCTFREE 10 INITRANS 2 MAXTRANS 255 COMPUTE STATISTICS 
  STORAGE(INITIAL 65536 NEXT 1048576 MINEXTENTS 1 MAXEXTENTS 2147483645
  PCTINCREASE 0 FREELISTS 1 FREELIST GROUPS 1 BUFFER_POOL DEFAULT FLASH_CACHE DEFAULT CELL_FLASH_CACHE DEFAULT)
  TABLESPACE "SYSTEM"  ENABLE;
  ALTER TABLE "TBL_HOBBY_CATE" MODIFY ("CATE_LEVEL" NOT NULL ENABLE);
  ALTER TABLE "TBL_HOBBY_CATE" MODIFY ("CATE_NAME" NOT NULL ENABLE);
--------------------------------------------------------
--  Constraints for Table TBL_STORY
--------------------------------------------------------

  ALTER TABLE "TBL_STORY" ADD PRIMARY KEY ("ST_NO")
  USING INDEX PCTFREE 10 INITRANS 2 MAXTRANS 255 COMPUTE STATISTICS 
  STORAGE(INITIAL 65536 NEXT 1048576 MINEXTENTS 1 MAXEXTENTS 2147483645
  PCTINCREASE 0 FREELISTS 1 FREELIST GROUPS 1 BUFFER_POOL DEFAULT FLASH_CACHE DEFAULT CELL_FLASH_CACHE DEFAULT)
  TABLESPACE "SYSTEM"  ENABLE;
  ALTER TABLE "TBL_STORY" ADD CHECK (is_del in ('N', 'Y')) ENABLE;
  ALTER TABLE "TBL_STORY" MODIFY ("IS_DEL" NOT NULL ENABLE);
  ALTER TABLE "TBL_STORY" MODIFY ("ST_CONTENT" NOT NULL ENABLE);
  ALTER TABLE "TBL_STORY" MODIFY ("ST_NO" NOT NULL ENABLE);
--------------------------------------------------------
--  Constraints for Table TBL_TIME_CATE
--------------------------------------------------------

  ALTER TABLE "TBL_TIME_CATE" ADD CONSTRAINT "TIME_CATE_PK" PRIMARY KEY ("TIME_NO")
  USING INDEX PCTFREE 10 INITRANS 2 MAXTRANS 255 COMPUTE STATISTICS 
  STORAGE(INITIAL 65536 NEXT 1048576 MINEXTENTS 1 MAXEXTENTS 2147483645
  PCTINCREASE 0 FREELISTS 1 FREELIST GROUPS 1 BUFFER_POOL DEFAULT FLASH_CACHE DEFAULT CELL_FLASH_CACHE DEFAULT)
  TABLESPACE "SYSTEM"  ENABLE;
  ALTER TABLE "TBL_TIME_CATE" MODIFY ("TIME_NAME" NOT NULL ENABLE);
--------------------------------------------------------
--  Constraints for Table TBL_LOGIN_TIME
--------------------------------------------------------

  ALTER TABLE "TBL_LOGIN_TIME" MODIFY ("LOGIN_TIME" NOT NULL ENABLE);
--------------------------------------------------------
--  Constraints for Table TBL_WORKROOM
--------------------------------------------------------

  ALTER TABLE "TBL_WORKROOM" ADD UNIQUE ("USER_ID")
  USING INDEX PCTFREE 10 INITRANS 2 MAXTRANS 255 COMPUTE STATISTICS 
  STORAGE(INITIAL 65536 NEXT 1048576 MINEXTENTS 1 MAXEXTENTS 2147483645
  PCTINCREASE 0 FREELISTS 1 FREELIST GROUPS 1 BUFFER_POOL DEFAULT FLASH_CACHE DEFAULT CELL_FLASH_CACHE DEFAULT)
  TABLESPACE "SYSTEM"  ENABLE;
--------------------------------------------------------
--  Constraints for Table TBL_LEVEL_CATE
--------------------------------------------------------

  ALTER TABLE "TBL_LEVEL_CATE" ADD CONSTRAINT "LEVEL_CATE_PK" PRIMARY KEY ("LEVEL_NO")
  USING INDEX PCTFREE 10 INITRANS 2 MAXTRANS 255 COMPUTE STATISTICS 
  STORAGE(INITIAL 65536 NEXT 1048576 MINEXTENTS 1 MAXEXTENTS 2147483645
  PCTINCREASE 0 FREELISTS 1 FREELIST GROUPS 1 BUFFER_POOL DEFAULT FLASH_CACHE DEFAULT CELL_FLASH_CACHE DEFAULT)
  TABLESPACE "SYSTEM"  ENABLE;
  ALTER TABLE "TBL_LEVEL_CATE" MODIFY ("LEVEL_NAME" NOT NULL ENABLE);
--------------------------------------------------------
--  Constraints for Table TBL_STORY_COMMENT
--------------------------------------------------------

  ALTER TABLE "TBL_STORY_COMMENT" ADD CHECK (is_del in ('N', 'Y')) ENABLE;
  ALTER TABLE "TBL_STORY_COMMENT" ADD PRIMARY KEY ("ST_C_NO")
  USING INDEX PCTFREE 10 INITRANS 2 MAXTRANS 255 COMPUTE STATISTICS 
  STORAGE(INITIAL 65536 NEXT 1048576 MINEXTENTS 1 MAXEXTENTS 2147483645
  PCTINCREASE 0 FREELISTS 1 FREELIST GROUPS 1 BUFFER_POOL DEFAULT FLASH_CACHE DEFAULT CELL_FLASH_CACHE DEFAULT)
  TABLESPACE "SYSTEM"  ENABLE;
  ALTER TABLE "TBL_STORY_COMMENT" MODIFY ("IS_DEL" NOT NULL ENABLE);
  ALTER TABLE "TBL_STORY_COMMENT" MODIFY ("ST_C_ORDER" NOT NULL ENABLE);
  ALTER TABLE "TBL_STORY_COMMENT" MODIFY ("ST_C_DEPTH" NOT NULL ENABLE);
  ALTER TABLE "TBL_STORY_COMMENT" MODIFY ("ST_C_PARENT_NO" NOT NULL ENABLE);
  ALTER TABLE "TBL_STORY_COMMENT" MODIFY ("ST_C_CONTENT" NOT NULL ENABLE);
  ALTER TABLE "TBL_STORY_COMMENT" MODIFY ("ST_C_NO" NOT NULL ENABLE);
--------------------------------------------------------
--  Constraints for Table TBL_COST_CATE
--------------------------------------------------------

  ALTER TABLE "TBL_COST_CATE" ADD CONSTRAINT "COST_CATE_PK" PRIMARY KEY ("COST_NO")
  USING INDEX PCTFREE 10 INITRANS 2 MAXTRANS 255 COMPUTE STATISTICS 
  STORAGE(INITIAL 65536 NEXT 1048576 MINEXTENTS 1 MAXEXTENTS 2147483645
  PCTINCREASE 0 FREELISTS 1 FREELIST GROUPS 1 BUFFER_POOL DEFAULT FLASH_CACHE DEFAULT CELL_FLASH_CACHE DEFAULT)
  TABLESPACE "SYSTEM"  ENABLE;
  ALTER TABLE "TBL_COST_CATE" MODIFY ("COST_NAME" NOT NULL ENABLE);
--------------------------------------------------------
--  Ref Constraints for Table TBL_BOOKMARK
--------------------------------------------------------

  ALTER TABLE "TBL_BOOKMARK" ADD FOREIGN KEY ("USER_ID")
	  REFERENCES "TBL_MEMBERINFO" ("USER_ID") ENABLE;
--------------------------------------------------------
--  Ref Constraints for Table TBL_COMMENT
--------------------------------------------------------

  ALTER TABLE "TBL_COMMENT" ADD CONSTRAINT "COMMENT_H_NO_FK" FOREIGN KEY ("H_NO")
	  REFERENCES "TBL_HOBBY" ("HOBBY_NO") ON DELETE CASCADE ENABLE;
  ALTER TABLE "TBL_COMMENT" ADD CONSTRAINT "COMMENT_PARENT_C_NO_FK" FOREIGN KEY ("PARENT_C_NO")
	  REFERENCES "TBL_COMMENT" ("C_NO") ENABLE;
  ALTER TABLE "TBL_COMMENT" ADD CONSTRAINT "COMMENT_USER_ID_FK" FOREIGN KEY ("USER_ID")
	  REFERENCES "TBL_MEMBERINFO" ("USER_ID") ON DELETE CASCADE ENABLE;
--------------------------------------------------------
--  Ref Constraints for Table TBL_COMPLETE_IMG
--------------------------------------------------------

  ALTER TABLE "TBL_COMPLETE_IMG" ADD CONSTRAINT "COMPLETE_IMG_FK" FOREIGN KEY ("HOBBY_NO")
	  REFERENCES "TBL_HOBBY" ("HOBBY_NO") ON DELETE CASCADE ENABLE;
--------------------------------------------------------
--  Ref Constraints for Table TBL_EVENT
--------------------------------------------------------

  ALTER TABLE "TBL_EVENT" ADD FOREIGN KEY ("M_NO")
	  REFERENCES "TBL_MANAGER_MEMBER" ("M_NO") ENABLE;
--------------------------------------------------------
--  Ref Constraints for Table TBL_HOBBY
--------------------------------------------------------

  ALTER TABLE "TBL_HOBBY" ADD CONSTRAINT "HOBBY_COST_NO_FK" FOREIGN KEY ("COST_NO")
	  REFERENCES "TBL_COST_CATE" ("COST_NO") ON DELETE CASCADE ENABLE;
  ALTER TABLE "TBL_HOBBY" ADD CONSTRAINT "HOBBY_LEVEL_NO_FK" FOREIGN KEY ("LEVEL_NO")
	  REFERENCES "TBL_LEVEL_CATE" ("LEVEL_NO") ON DELETE CASCADE ENABLE;
  ALTER TABLE "TBL_HOBBY" ADD CONSTRAINT "HOBBY_L_CATE_NO_FK" FOREIGN KEY ("L_CATE_NO")
	  REFERENCES "TBL_HOBBY_CATE" ("CATE_NO") ON DELETE CASCADE ENABLE;
  ALTER TABLE "TBL_HOBBY" ADD CONSTRAINT "HOBBY_M_CATE_NO_FK" FOREIGN KEY ("M_CATE_NO")
	  REFERENCES "TBL_HOBBY_CATE" ("CATE_NO") ON DELETE CASCADE ENABLE;
  ALTER TABLE "TBL_HOBBY" ADD CONSTRAINT "HOBBY_TIME_NO_FK" FOREIGN KEY ("TIME_NO")
	  REFERENCES "TBL_TIME_CATE" ("TIME_NO") ON DELETE CASCADE ENABLE;
  ALTER TABLE "TBL_HOBBY" ADD CONSTRAINT "HOBBY_USER_ID_FK" FOREIGN KEY ("USER_ID")
	  REFERENCES "TBL_MEMBERINFO" ("USER_ID") ON DELETE CASCADE ENABLE;
--------------------------------------------------------
--  Ref Constraints for Table TBL_HOBBY_CATE
--------------------------------------------------------

  ALTER TABLE "TBL_HOBBY_CATE" ADD CONSTRAINT "HOBBY_CATE_FK" FOREIGN KEY ("PARENT_CATE_NO")
	  REFERENCES "TBL_HOBBY_CATE" ("CATE_NO") ON DELETE CASCADE ENABLE;
--------------------------------------------------------
--  Ref Constraints for Table TBL_HOBBY_LIKE
--------------------------------------------------------

  ALTER TABLE "TBL_HOBBY_LIKE" ADD FOREIGN KEY ("USER_ID")
	  REFERENCES "TBL_MEMBERINFO" ("USER_ID") ENABLE;
--------------------------------------------------------
--  Ref Constraints for Table TBL_HOBBY_MATERIAL
--------------------------------------------------------

  ALTER TABLE "TBL_HOBBY_MATERIAL" ADD CONSTRAINT "HOBBY_MATERIAL_FK1" FOREIGN KEY ("HOBBY_NO")
	  REFERENCES "TBL_HOBBY" ("HOBBY_NO") ON DELETE CASCADE ENABLE;
  ALTER TABLE "TBL_HOBBY_MATERIAL" ADD CONSTRAINT "HOBBY_MATERIAL_FK2" FOREIGN KEY ("MATERIAL_NO")
	  REFERENCES "TBL_MATERIAL" ("MATERIAL_NO") ON DELETE CASCADE ENABLE;
--------------------------------------------------------
--  Ref Constraints for Table TBL_LOGIN_TIME
--------------------------------------------------------

  ALTER TABLE "TBL_LOGIN_TIME" ADD FOREIGN KEY ("USER_ID")
	  REFERENCES "TBL_MEMBERINFO" ("USER_ID") ENABLE;
--------------------------------------------------------
--  Ref Constraints for Table TBL_MAIN_EVENT
--------------------------------------------------------

  ALTER TABLE "TBL_MAIN_EVENT" ADD FOREIGN KEY ("E_NO")
	  REFERENCES "TBL_EVENT" ("E_NO") ENABLE;
--------------------------------------------------------
--  Ref Constraints for Table TBL_MAKE_STEP
--------------------------------------------------------

  ALTER TABLE "TBL_MAKE_STEP" ADD CONSTRAINT "MAKE_STEP_FK" FOREIGN KEY ("HOBBY_NO")
	  REFERENCES "TBL_HOBBY" ("HOBBY_NO") ON DELETE CASCADE ENABLE;
--------------------------------------------------------
--  Ref Constraints for Table TBL_MANAGER_MEMBER
--------------------------------------------------------

  ALTER TABLE "TBL_MANAGER_MEMBER" ADD FOREIGN KEY ("USER_ID")
	  REFERENCES "TBL_MEMBERINFO" ("USER_ID") ENABLE;
--------------------------------------------------------
--  Ref Constraints for Table TBL_MEMBERDETAIL
--------------------------------------------------------

  ALTER TABLE "TBL_MEMBERDETAIL" ADD FOREIGN KEY ("CATE_NO1")
	  REFERENCES "TBL_HOBBY_CATE" ("CATE_NO") ENABLE;
  ALTER TABLE "TBL_MEMBERDETAIL" ADD FOREIGN KEY ("CATE_NO2")
	  REFERENCES "TBL_HOBBY_CATE" ("CATE_NO") ENABLE;
  ALTER TABLE "TBL_MEMBERDETAIL" ADD FOREIGN KEY ("CATE_NO3")
	  REFERENCES "TBL_HOBBY_CATE" ("CATE_NO") ENABLE;
  ALTER TABLE "TBL_MEMBERDETAIL" ADD FOREIGN KEY ("USER_GRADE")
	  REFERENCES "TBL_MEMBERGRADE" ("CD") ENABLE;
--------------------------------------------------------
--  Ref Constraints for Table TBL_MEMBER_ACTIV
--------------------------------------------------------

  ALTER TABLE "TBL_MEMBER_ACTIV" ADD FOREIGN KEY ("USER_ID")
	  REFERENCES "TBL_MEMBERINFO" ("USER_ID") ENABLE;
--------------------------------------------------------
--  Ref Constraints for Table TBL_QNA
--------------------------------------------------------

  ALTER TABLE "TBL_QNA" ADD FOREIGN KEY ("QNA_SORT_CD")
	  REFERENCES "TBL_QNASORT" ("QNA_SORT_CD") ENABLE;
--------------------------------------------------------
--  Ref Constraints for Table TBL_STORY
--------------------------------------------------------

  ALTER TABLE "TBL_STORY" ADD FOREIGN KEY ("USER_ID")
	  REFERENCES "TBL_MEMBERINFO" ("USER_ID") ENABLE;
--------------------------------------------------------
--  Ref Constraints for Table TBL_STORY_COMMENT
--------------------------------------------------------

  ALTER TABLE "TBL_STORY_COMMENT" ADD FOREIGN KEY ("USER_ID")
	  REFERENCES "TBL_MEMBERINFO" ("USER_ID") ENABLE;
  ALTER TABLE "TBL_STORY_COMMENT" ADD FOREIGN KEY ("ST_NO")
	  REFERENCES "TBL_STORY" ("ST_NO") ENABLE;
--------------------------------------------------------
--  Ref Constraints for Table TBL_STORY_LIKE
--------------------------------------------------------

  ALTER TABLE "TBL_STORY_LIKE" ADD FOREIGN KEY ("ST_NO")
	  REFERENCES "TBL_STORY" ("ST_NO") ENABLE;
  ALTER TABLE "TBL_STORY_LIKE" ADD FOREIGN KEY ("USER_ID")
	  REFERENCES "TBL_MEMBERINFO" ("USER_ID") ENABLE;
--------------------------------------------------------
--  Ref Constraints for Table TBL_WORKROOM
--------------------------------------------------------

  ALTER TABLE "TBL_WORKROOM" ADD FOREIGN KEY ("USER_ID")
	  REFERENCES "TBL_MEMBERINFO" ("USER_ID") ENABLE;



select hobby_no, like_cnt from tbl_hobby;